,num,yyyymmdd,names,title,text,yyyymm,mm
0,0,2019.12.26.,연합뉴스,"중국 고량주 강소백, 2020년 기념 한국 한정판 출시",26일 서울 중구 소공동 롯데백화점 본점 주류코너에서 모델들이 중국 고량주 강소백의 2020년 기념 한국 한정판 '강소백 청춘 2020 에디션'을 소개하고 있다. 2019.12.26,2019.12,12
1,1,2019.12.26.,연합뉴스,다가오는 2020년 '강소백' 고량주 한국 한정판 출시,26일 서울 중구 소공동 롯데백화점 본점 주류코너에서 모델들이 중국 고량주 강소백의 2020년 기념 한국 한정판 '강소백 청춘 2020 에디션'을 소개하고 있다. 2019.12.26,2019.12,12
2,2,2019.12.26.,연합뉴스,다가오는 2020년 '강소백' 고량주 한국 한정판 출시,26일 서울 중구 소공동 롯데백화점 본점 주류코너에서 모델들이 중국 고량주 강소백의 2020년 기념 한국 한정판 '강소백 청춘 2020 에디션'을 소개하고 있다. 2019.12.26,2019.12,12
3,3,2019.12.26.,연합뉴스,다가오는 2020년 '강소백' 고량주 한국 한정판 출시,26일 서울 중구 소공동 롯데백화점 본점 주류코너에서 모델들이 중국 고량주 강소백의 2020년 기념 한국 한정판 '강소백 청춘 2020 에디션'을 소개하고 있다. 2019.12.26,2019.12,12
4,4,2019.12.26.,연합뉴스,"중국 고량주 강소백, 2020년 기념 한국 한정판 출시",26일 서울 중구 소공동 롯데백화점 본점 주류코너에서 모델들이 중국 고량주 강소백의 2020년 기념 한국 한정판 '강소백 청춘 2020 에디션'을 소개하고 있다. 2019.12.26,2019.12,12
5,5,2019.12.26.,연합뉴스,"중국 고량주 강소백, 2020년 기념 한국 한정판 출시",26일 서울 중구 소공동 롯데백화점 본점 주류코너에서 모델들이 중국 고량주 강소백의 2020년 기념 한국 한정판 '강소백 청춘 2020 에디션'을 소개하고 있다. 2019.12.26,2019.12,12
6,6,2019.12.26.,연합뉴스,"중국 고량주 강소백, 2020년 기념 한국 한정판 출시",26일 서울 중구 소공동 롯데백화점 본점 주류코너에서 모델들이 중국 고량주 강소백의 2020년 기념 한국 한정판 '강소백 청춘 2020 에디션'을 소개하고 있다. 2019.12.26,2019.12,12
7,7,2019.12.26.,뉴시스,2020년 기념 중국 고량주 강소백 한정판 출시,26일 서울 중구 롯데백화점 본점 주류매장에서 모델들이 한정판으로 만든 중국 고량주 '강소백 청춘 2020 에디션'을 선보이고 있다. 2019.12.26. bjko@newsis.com 공감언론 뉴시스가 독자 여러분의 소중한 제보를...,2019.12,12
8,8,2019.12.26.,뉴시스,청춘의 2020년 축하하는 고량주 '강소백',26일 서울 중구 롯데백화점 본점 주류매장에서 모델들이 한정판으로 만든 중국 고량주 '강소백 청춘 2020 에디션'을 선보이고 있다. 2019.12.26. bjko@newsis.com 공감언론 뉴시스가 독자 여러분의 소중한 제보를...,2019.12,12
9,9,2019.12.26.,뉴시스,청춘의 2020년 축하하는 고량주 '강소백',26일 서울 중구 롯데백화점 본점 주류매장에서 모델들이 한정판으로 만든 중국 고량주 '강소백 청춘 2020 에디션'을 선보이고 있다. 2019.12.26. bjko@newsis.com 공감언론 뉴시스가 독자 여러분의 소중한 제보를...,2019.12,12
10,10,2019.12.26.,뉴시스,2020년 기념 중국 고량주 강소백 한정판 출시,26일 서울 중구 롯데백화점 본점 주류매장에서 모델들이 한정판으로 만든 중국 고량주 '강소백 청춘 2020 에디션'을 선보이고 있다. 2019.12.26. bjko@newsis.com 공감언론 뉴시스가 독자 여러분의 소중한 제보를...,2019.12,12
11,11,2019.12.26.,뉴스1,"롯데백화저, 강소백 청춘 2020 에디션 판매","중국 고량주 '강소백' 한정판을 소개하고 있다. '강소백 청춘 2020 에디션'은 중국의 중경 지방에서 채비한 붉은 수수로 만든 청향형 고량주로, 지난 2017년 브뤼셀 세계 증류주 경진대회에서 금상을 수상했다....",2019.12,12
12,12,2019.12.26.,뉴스1,롯데백화점 '강소백 청춘 에디션 판매',"중국 고량주 '강소백' 한정판을 소개하고 있다. '강소백 청춘 2020 에디션'은 중국의 중경 지방에서 채비한 붉은 수수로 만든 청향형 고량주로, 지난 2017년 브뤼셀 세계 증류주 경진대회에서 금상을 수상했다....",2019.12,12
13,13,2019.12.26.,뉴스1,"롯데백화점, 중국 고량주 '강소백 청춘 2020 판매'","중국 고량주 '강소백' 한정판을 소개하고 있다. '강소백 청춘 2020 에디션'은 중국의 중경 지방에서 채비한 붉은 수수로 만든 청향형 고량주로, 지난 2017년 브뤼셀 세계 증류주 경진대회에서 금상을 수상했다....",2019.12,12
14,14,2019.12.26.,뉴스1,"롯데백화점, 중국 고량주 '강소백 한정판 판매'","중국 고량주 '강소백' 한정판을 소개하고 있다. '강소백 청춘 2020 에디션'은 중국의 중경 지방에서 채비한 붉은 수수로 만든 청향형 고량주로, 지난 2017년 브뤼셀 세계 증류주 경진대회에서 금상을 수상했다....",2019.12,12
15,15,2019.12.26.,뉴스1,롯데백화점 '중국 고량주 강소백 한정판 판매',"중국 고량주 '강소백' 한정판을 소개하고 있다. '강소백 청춘 2020 에디션'은 중국의 중경 지방에서 채비한 붉은 수수로 만든 청향형 고량주로, 지난 2017년 브뤼셀 세계 증류주 경진대회에서 금상을 수상했다....",2019.12,12
16,16,2019.12.26.,뉴스1,롯데백화점 '중국 고량주 강소백 청춘 2020 판매',"중국 고량주 '강소백' 한정판을 소개하고 있다. '강소백 청춘 2020 에디션'은 중국의 중경 지방에서 채비한 붉은 수수로 만든 청향형 고량주로, 지난 2017년 브뤼셀 세계 증류주 경진대회에서 금상을 수상했다....",2019.12,12
17,17,2019.12.26.,뉴스1,"롯데백화점, 2020년 기념해 출시한 '강소백' 한정판 판매","중국 고량주 '강소백' 한정판을 소개하고 있다. '강소백 청춘 2020 에디션'은 중국의 중경 지방에서 채비한 붉은 수수로 만든 청향형 고량주로, 지난 2017년 브뤼셀 세계 증류주 경진대회에서 금상을 수상했다....",2019.12,12
18,18,2019.12.26.,뉴스1,롯데백화점 '강소백 청춘 2020 에디션 판매',"중국 고량주 '강소백' 한정판을 소개하고 있다. '강소백 청춘 2020 에디션'은 중국의 중경 지방에서 채비한 붉은 수수로 만든 청향형 고량주로, 지난 2017년 브뤼셀 세계 증류주 경진대회에서 금상을 수상했다....",2019.12,12
19,19,2019.12.26.,뉴스핌,"[뉴스핌 뉴스레터] 차이나 뉴스브리프 26일 '세계를 보는 뉴스핌,","란 톱기사와 함께 ▲ 중국 사모펀드 '2020년 A주 과학·기술주 투자 적기' 조언 ▲ 중국의 미래 시장 주역 Z세대, '가심비' 중요해 ▲ 또 터진 중국 불량식품 문제, 유명 고량주 '발암 우려' 첨가제 사용 의혹 등이 담겼습니다.",2019.12,12
20,20,2019.12.24.,뉴스핌,"또 터진 중국 불량식품 문제, 유명 고량주 '발암 우려' 첨가제 사용 의혹",7년전 가소제(可塑劑) 첨가로 문제를 일으켰던 고량주 제조업체 주구이주(酒鬼酒)에 사용이 금지된 인공 감미료 사이클라민산나트륨이 사용됐다는 소식이 전해지면서 중국 사회에 파문이 커지고 있다. 다른 고량주...,2019.12,12
21,21,2019.12.24.,한국일보,문 대통령 생일 ‘0124’ 새겨진 중국 총리의 선물,국내에서는 '빼갈'이나 '고량주'로 불리며 여러 곡물을 섞어 수십 가지 맛이 나는 특징이 있다. 바이주 중에서는 ‘마오타이’와 ‘우량애’ 그리고 원나라 식 주조법을 계승한 ‘수정방’을 3대 명주로 친다.,2019.12,12
22,22,2019.12.24.,리걸타임즈,[리걸타임즈 특집='2019 기업법무 시장' 결산] 지식재산권 분야 리그테이블,"한결, 연태고량주 소송 승소 서울대 물리학과 출신의 윤복남 변호사가 이끄는 한결 지재팀은 병 모양 등을 모방했다가 분쟁이 인 연태고량주 부정경쟁행위소송을 수행해 1심에 이어 2심에서 손해배상까지 받아내는 큰...",2019.12,12
23,23,2019.12.19.,충청매일,청주공항~중국 하늘길 '확' 넓힌다,"중국 연태시는 한국과 가장 가까운 산동성에 위치해 한국인에게 유명한 연태고량주를 제조하고 있으며, 세계적인 와이너리와 골프장 등 관광지로 또 항구도시의 특성상 경제중심 도시로서 아웃바운드와 인바운드...",2019.12,12
24,24,2019.12.19.,충청투데이,청주공항 노선 확장…중국 사천항공 연태시 첫 취항,"한국과 가장 가까운 중국 산동성에 위치한 연태시는 유명 중국 주류인 연태고량주 제조, 세계적인 와이너리(와인 양조장)·골프장 등이 위치해 있어 인기있는 관광지로 뽑힌다. 또 항구도시의 특성상 경제중심 도시로서...",2019.12,12
25,25,2019.12.19.,불교공뉴스,"충북도, 청주공항 하늘길 연태·장가계 노선 '확' 넓힌다!","중국 연태시는 한국과 가장 가까운 산동성에 위치하여 한국인에게 유명한 연태고량주를 제조하고 있으며, 세계적인 와이너리와 골프장 등 관광지로서 또한 항구도시의 특성상 경제중심 도시로서 아웃바운드와 인바운드...",2019.12,12
26,26,2019.12.19.,중부매일,청주공항 하늘길 연태·장가계 노선 확대,"옌타이는 한국과 가장 가까운 산둥성에 있으며, 고량주·와이너리·골프장 등으로 유명하다. 이스타항공은 오는 26일부터 청주공항∼장자제(張家界) 노선 운항을 재개한다. 주 2회(목·일요일) 운항한다. 2개 노선...",2019.12,12
27,27,2019.12.19.,뉴시스,"청주공항 하늘길 확대…중국 사천항공, 옌타이노선 매일 운항",고량주 생산으로 유명하며 세계적인 와이너리와 골프장 등의 관광지가 널리 알려졌다. 이스타항공은 오는 26일부터 청주공항∼장자제 노선을 주 2회(목·일요일) 운항에 들어간다. 이 노선은 지난 10월 말부터 사천항공이...,2019.12,12
28,28,2019.12.19.,연합뉴스,"중국 사천항공, 청주공항∼옌타이 노선 23일부터 매일 운항","옌타이는 한국과 가장 가까운 산둥성에 있으며, 고량주·와이너리·골프장 등으로 유명하다. 이스타항공은 오는 26일부터 청주공항∼장자제(張家界) 노선 운항을 재개한다. 주 2회(목·일요일) 운항한다. 2개 노선...",2019.12,12
29,29,2019.12.19.,브릿지경제,"청주공항, 연태·장가계 노선 취항","중국 연태시는 한국과 가장 가까운 산동성에 위치해 한국인에게 유명한 연태고량주를 제조하고 있으며, 세계적인 와이너리와 골프장 등 관광지와 항구도시의 특성상 경제중심 도시로 아웃바운드와 인바운드 수요가...",2019.12,12
30,30,2019.12.19.,뉴스핌,"청주공항, 중국 연태·장가계 하늘길 노선 넓힌다","중국 연태시는 한국과 가장 가까운 산동성에 위치해 한국인에게 유명한 연태고량주를 제조하고 있으며, 세계적인 와이너리와 골프장 등 관광지로 유명한다. 장가계는 중국 최초의 산림공원이자 유네스코 세계...",2019.12,12
31,31,2019.12.19.,뉴스핌,"[차이나 피플&현장] 2020 중국증시 차트 보다 종목, 대장주 안전자산 노려야,...","""고급 바이주(白酒, 고량주) 분야에서 구이저우 마오타이(貴州茅台)의 시장 점유율은 63%를 넘습니다. 이 회사의 시가 총액은 우량예의 3배가 넘지요. 유제품 분야 이리 등 상위 2개사의 매출 점유율은 동종 업계 나머지...",2019.12,12
32,32,2019.12.19.,대전일보,청주공항 연태·장가계 노선 신규 취항,"중국 연태시는 한국과 가장 가까운 산동성에 위치해 있으며, 한국인에게 유명한 연태고량주를 제조하고 있다. 세계적인 와이너리와 골프장 등 관광지로서 또한 항구도시의 특성상 경제중심 도시로서 아웃바운드와...",2019.12,12
33,33,2019.12.15.,뉴스인사이드,태안 탕수육-간짜장 달인 화제 '고기 숙성'의 비밀은? #생활의 달인,이후 불붙은 고량주를 박 껍질 안에 부었다. 박 속의 뜨거운 고량주에 매실로 숙성한 고기를 넣어 2차 숙성을 했다. 여기에 무청을 더해 숙성 시키면 더욱 부드럽고 쫄깃한 고기를 맛볼 수 있다. 간짜장을 만드는 비법도...,2019.12,12
34,34,2019.12.15.,아주경제,태안 탕수육·간짜장 달인 '왕서방중화요리' 양념 비법은? 위치는? [은둔식달...,이후 불붙은 고량주를 박 껍질 안에 부었다. 박 속의 뜨거운 고량주에 매실로 숙성한 고기를 넣어 2차 숙성을 했다. 여기에 무청을 더해 숙성 시키면 더욱 부드럽고 쫄깃한 고기를 맛볼 수 있다. 간짜장을 만드는...,2019.12,12
35,35,2019.12.14.,매일신문,이승로 수성고량주 대표 행안부 장관상,이승로 새마을문고 대구북구지부 회장(수성고량주 대표)는 12일 대구텍스타일콤플렉스에서 열린 '2019 대구시 새마을지도자대회'에서 새마을도서관 운영 및 아이들과 함께하는 문화공동체 육성에 기여한 공적으로...,2019.12,12
36,36,2019.12.14.,인사이트코리아,'바이브' 건 안 비밀이라는 글을 남겼다,"하지만 양장피에 연태 고량주가 생각나는 건 안 비밀""이라는 글을 남겼다. ""감사합니다. 언제나 좋은 에너지 주셔서.. 우리 창원, 부산, 수원, 서울에서 또 만나요~ 곧만나요 바이브콘서트 발라드림 극한발라드 겨울타나봐...",2019.12,12
37,37,2019.12.14.,뉴스엔,"초콜릿 윤계상, 하지원과 오영수 추모하며 교감‥달라진 온도[어제TV]","한 그릇을 비벼 빈 자리에 놓아둔 이강의 모습을 본 문차영은 김노인이 먹고 싶어했던 고량주까지 주문했다. 그때 창밖으로 비가 내렸고, 김노인까지 세 사람이 함께 행복한 식사를 하는 모습이 환상처럼 등장하며...",2019.12,12
38,38,2019.12.14.,뉴스엔,"‘초콜릿’ 윤계상, 슬픔에 빠진 하지원 위로 “나랑 짜장면 먹을래요?”(종합...",먹자고 제안한 후 할아버지 것까지 세 개의 짜장면을 주문했다. 이강의 배려를 눈치 챈 문차영도 할아버지가 마시지 못했던 고량주를 주문해 함께 할아버지를 추모했다. (사진=JTBC '초콜릿' 방송 캡처) 뉴스엔 이하나 bliss21@,2019.12,12
39,39,2019.12.13.,디지틀조선일보,한 해의 마지막 대목 맞은 호텔업계…크리스마스에 특별한 혜택 제공하는 호텔...,"또한 메종 글래드 제주의 중식당 ‘청’에서는 오는 12월 31일까지 도민 4인 이상 방문 시 또는 5만원 이상으로 메뉴 이용 시 10% 할인 혜택을 제공하며 고량주, 프리미엄 소주 주문 시 20% 할인을, 프리미엄 생맥주...",2019.12,12
40,40,2019.12.13.,톱스타뉴스,"'생활의 달인' 태안 탕수육, 고기의 단맛을 위한 비법 공개…간짜장 레시피까...",또한 달인은 고량주에 불을 붙여 박 안에 가득 채운다음 그 안에 매실에 절여진 고기를 넣고 2차 숙성했다. 그 위로는 무청으로 덮고 20분 가량 쪄낸다. 이렇게 하면 고기에 있는 기름기를 살짝 제거하는 효과를 얻을 수...,2019.12,12
41,41,2019.12.12.,아주경제,"[아주초대석]“연태고량주 판결로 지식재산권 침해에 경종""",com 12일 서울 광화문에서 만난 윤복남 법무법인 한결 변호사는 “연태고량주를 독점적 상표권으로... 중국집 혹은 양고기 음식점에서 주문했던 연태고량주를 떠올린 사람들도 있을 것이다. 그런데 우리가 마시던...,2019.12,12
42,42,2019.12.12.,부산일보,"호텔업계, 크리스마스 고객 잡기 '분주'","메종 글래드 제주의 중식당 '청'에서는 31일까지 도민 4인 이상 방문 시 또는 5만 원 이상으로 메뉴 이용 시 10% 할인 혜택을 제공하며 고량주, 프리미엄 소주 주문 시 20% 할인을, 프리미엄 생맥주 모카스타우트와 레드락을...",2019.12,12
43,43,2019.12.12.,인더뉴스,"호텔업계, 올해 ‘평일 크리스마스’ 맞아 패키지·특전 선보여","메종 글래드 제주의 중식당 ‘청’에서는 오는 31일까지 도민 4인 이상 방문 또는 5만원 이상으로 메뉴 이용 시 10% 할인 혜택을 제공하며, 고량주·프리미엄 소주 주문 시 20% 할인을, 프리미엄 생맥주 모카스타우트와...",2019.12,12
44,44,2019.12.12.,뉴시안,"""1년의 딱 하루, 크리스마스 고객 잡아라""…호텔업계, 특별한 크리스마스·연...","또한 메종 글래드 제주의 중식당 '청'에서는 2019년 12월 31일까지 도민 4인 이상 방문 시 또는 5만원 이상으로 메뉴 이용 시 10% 할인 혜택을 제공하며 고량주, 프리미엄 소주 주문 시 20% 할인을, 프리미엄 생맥주...",2019.12,12
45,45,2019.12.12.,티티엘뉴스,"[비주얼 뉴스] ""크리스마스 이브 혹은 당일만 누릴 수 있어요""","또한 메종 글래드 제주의 중식당 ‘청’에서는 2019년 12월 31일까지 도민 4인 이상 방문 시 또는 5만원 이상으로 메뉴 이용 시 10% 할인 혜택을 제공하며 고량주, 프리미엄 소주 주문 시 20% 할인을, 프리미엄 생맥주...",2019.12,12
46,46,2019.12.12.,로이슈,"1년의 마지막 대목 눈앞…호텔업계, 크리스마스 고객 잡기 분주","또한 메종 글래드 제주의 중식당 ‘청’에서는 2019년 12월 31일까지 도민 4인 이상 방문 시 또는 5만원 이상으로 메뉴 이용 시 10% 할인 혜택을 제공하며 고량주, 프리미엄 소주 주문 시 20% 할인을, 프리미엄 생맥주...",2019.12,12
47,47,2019.12.11.,공감신문,"광화문 콴쒸이, 맛과 분위기 앞세운 점심 모임 및 회식 장소 제공","또, 모든 예약 고객에게는 양하대곡 고량주(500ml) 1+1을 비롯하여 신선한 재료의 요리 한가지와 수제군만두를 제공한다. 콴쒸이는 흥국생멸빌딩 지하 1층에 위치하고 있으며, 사전 전화예약을 하면 위와 같은 혜택을...",2019.12,12
48,48,2019.12.11.,한국목재신문,"대구 칠성시장 야시장, 새로운 夜 랜드마크로 급부상",또한 수제 맥주와 수성고량주를 섞은 칵테일 등 지역에서 생산된 주류를 판매하는 상회도 마련되어 있어 손님들의 발길을 멈추게 하고 있었다. 매주 오후 6시부터 만나볼 수 있는 칠성시장 야시장은 휴일없이 월~목은...,2019.12,12
49,49,2019.12.11.,시빅뉴스,"""진로 이즈 백""이 이끄는 식품∙유통업계 뉴트로 열풍","한자 덕분에 중국 고량주 느낌이 들었고, 특이해서 가끔씩 진로이즈백을 찾는다""고 말했다. 직장인 최윤하(33) 씨는 ""병 자체가 푸르고 투명한 유리병이라 시원한 느낌이 더 들었다. 도수도 25도에서 16.9도로 낮춰서...",2019.12,12
50,50,2019.12.10.,스타뉴스,"바이브 윤민수, 콘서트 관객에 고마움 전해..""우울감·무력감 느껴질 때 무대...","하지만 양장피에 연태 고량주가 생각나는 건 안 비밀""이라고 게시글을 올렸다. 이어 ""감사합니다. 언제나 좋은 에너지 주셔서.. 우리 창원, 부산, 수원, 서울에서 또 만나요~ #곧만나요 #바이브콘서트 #발라드림 # 극한발라드...",2019.12,12
51,51,2019.12.10.,베리타스알파,'생활의 달인' 태안 '왕서방중화요리' 탕수육 달인의 고기 숙성비결은?,가열한 웍에 고량주를 붓고 불 붙은 고량주를 박에 채운다. 5. 박에 매실로 숙성한 고기를 넣고 2차 숙성을 한다. 6. 무청을 고기에 덮고 20분간 찐다. 태안 '왕서방중화요리' 탕수육. /사진=SBS '생활의 달인' 캡처태안...,2019.12,12
52,52,2019.12.10.,영남일보,"수성고량주, 프리미엄 백주 ‘블루35’ 리뉴얼 출시",수성고량주는 프리미엄 백주 블루35(500㎖)<사진>를 리뉴얼 출시한다. 수성고량주 측은 “고급술을 선호하는 애주가 취향에 맞게 준비했다”고 설명했다. 고급 중식당과 한정식 식당을 중심으로 런칭된다. ‘프리미엄...,2019.12,12
53,53,2019.12.08.,제민일보,"메종글래드 제주, 크리스마스 특선 메뉴 이벤트 진행",고량주나 프리미엄 소주를 주문하면 20% 할인과 함께 프리미엄 생맥주 모카스타우트와 레드락을 1+1으로 제공한다. '정글북 by 앨리스바'에서는 오는 31일 카운트다운 행사와 함께 새해 소망 풍선 날리기 이벤트를...,2019.12,12
54,54,2019.12.06.,쿡앤셰프,글래드 호텔에서 맛있게 즐기는 특별한 크리스마스와 연말,"메종 글래드 제주의 중식당 ‘청’에서는 2019년 12월 31일까지 도민 4인 이상 방문 시 또는 5만원 이상으로 메뉴 이용 시 10% 할인 혜택을 제공하며 고량주, 프리미엄 소주 주문 시 20% 할인을, 프리미엄 생맥주...",2019.12,12
55,55,2019.12.06.,데일리한국,"'생생정보' 눈꽃탕수육, 부먹도 찍먹도 '바삭한 튀김옷'…맛집 어디?",주인장은 눈꽃탕수육을 만들면서 돼지고기에 울금가루와 고량주를 넣고 하루를 숙성시켰다. 고기를 부드럽게 하는 연육작용과 잡내를 제거하기 위한 과정이다. 또 기름에 튀길 때는 주인장만의 노하우가 담긴...,2019.12,12
56,56,2019.12.06.,티브이데일리,"‘2TV 생생정보’ 눈꽃탕수육, 새우튀김 비주얼+바삭함 잃지 않는 이유는?",이곳에서는 두툼하게 썬 돼지고기에 연육작용과 잡내 제거를 도와줄 울금가루에 고량주를 넣고 하루 간 숙성한다. 여기에 튀김옷을 입혀 기름에 바삭하게 튀기는 주인장만의 기술로 눈꽃탕수육이 탄생한다....,2019.12,12
57,57,2019.12.06.,프라임경제,[주간#신상태그] LG생활건강·바이레도·GS샵·롯데마트·해비치 외,"메종 글래드 제주의 중식당 '청'에서는 12월31일까지 도민 4인 이상 방문 시 또는 5만원 이상으로 메뉴 이용 시 10% 할인 혜택을 제공하며 고량주, 프리미엄 소주 주문 시 20% 할인을, 프리미엄 생맥주 모카스타우트와...",2019.12,12
58,58,2019.12.06.,아시아엔,글래드 호텔에서 맛있게 즐기는 특별한 크리스마스 연말,"메종 글래드 제주의 중식당 ‘청’에서는 2019년 12월 31일까지 도민 4인 이상 방문 시 또는 5만원 이상으로 메뉴 이용 시 10% 할인 혜택을 제공하며 고량주, 프리미엄 소주 주문 시 20% 할인을, 프리미엄 생맥주...",2019.12,12
59,59,2019.12.06.,청년일보,"""글래드 호텔서 특별한 크리스마스 보내자!""","메종 글래드 제주의 중식당 '청'에서는 오는 31일까지 도민 4인 이상 방문 시 또는 5만원 이상으로 메뉴 이용 시 10% 할인 혜택을 제공하며 고량주, 프리미엄 소주 주문 시 20% 할인을, 프리미엄 생맥주 모카스타우트와...",2019.12,12
60,60,2019.12.06.,농촌여성신문,2020년 대한민국 사람들은 어떻게 먹고 마실까?,전체적으로 저도주 시장규모는 완만히 성장하고 고도주 시장은 감소하고 있지만 외식문화의 변화와 함께 고량주 시장은 고도주임에도 불구하고 증가하고 있다. 전통 증류수는 아직 시장규모가 적지만 앞으로...,2019.12,12
61,61,2019.12.06.,디스커버리뉴스,글래드 호텔에서 맛있게 즐기는 특별한 크리스마스와 연말연시,"메종 글래드 제주의 중식당 ‘청’에서는 2019년 12월 31일까지 도민 4인 이상 방문 시 또는 5만원 이상으로 메뉴 이용 시 10% 할인 혜택을 제공하며 고량주, 프리미엄 소주 주문 시 20% 할인을, 프리미엄 생맥주...",2019.12,12
62,62,2019.12.06.,위키트리,글래드 호텔에서 맛있게 즐기는 특별한 크리스마스와 연말,"메종 글래드 제주의 중식당 ‘청’에서는 2019년 12월 31일까지 도민 4인 이상 방문 시 또는 5만원 이상으로 메뉴 이용 시 10% 할인 혜택을 제공하며 고량주, 프리미엄 소주 주문 시 20% 할인을, 프리미엄 생맥주...",2019.12,12
63,63,2019.12.05.,매일신문,"중국 옌타이, '국제언론인 중한옌타이산업단지 답사회' 현지서 열어",연태고량주로 국내에 잘 알려진 옌타이는 중국 북방 과일의 본고장으로 불리며 실제로는 와인 사업이 더 크게 발전했다. 지난해 기준 옌타이의 와인 생산량은 25만3천㎘로 전국 전체 생산량의 40.2%를 차지하고 있다....,2019.12,12
64,64,2019.12.03.,한국경제,"제 7회 월드식품박람회 2019, 성황리에 종료","같은 박람회장에서 동시 개최된 ‘제5회 월드와인 및 주류 박람회’는 국내 주류업체는 물론 다양한 국가의 주류업체들이 와인, 맥주, 고량주, 사케, 샴페인 등 각종 주류를 선보였으며 유명 스페인 음식점을 운영...",2019.12,12
65,65,2019.12.03.,한국경제,"제 5회 월드와인 및 주류 박람회, 성황리에 막 내리다","프랑스의 유명한 생산지 제품들을 비롯해 이탈리아, 스페인, 영국, 미국, 루마니아, 아르메니아 등에서 수입된 다양한 와인과 국내 와이너리 제품들을 한 자리에서 만나볼 수 있었으며, 맥주, 고량주, 보드카, 럼...",2019.12,12
66,66,2019.12.03.,VOGUE,무국적 술집이 뭐예요?,"주류의 라인업 역시 전통주를 시작으로 와인, 고량주, 위스키 등 다양하게 준비되어 있어 만족스러운 곳입니다. 주소: 서울시 마포구 와우산로7길 5 정발휴게소 일산 정발산동 밤리단길 근처에 자리한 곳으로 ‘길을 가는...",2019.12,12
67,67,2019.12.01.,뉴스핌,[현장 탐방] '포도주 업계 마오타이' 세계가 인정한 중국 옌타이 장위 포도주,"프랑스와 스페인 등 서방 세계 포도주 전문가들은 '바이주(白酒, 고량주)의 나라' 중국이 세계 톱 수준의 최상급 포도주를 만들고 있다는 데 대해 놀라움을 감추지 못한다. [옌타이=뉴스핌] 최헌규 특파원= 옌타이 장위...",2019.12,12
68,68,2019.12.01.,더팩트,[내가 본 '이승기'] 롱런 이유? 사회면 진출 NO,"이승기는 주종은 가리지 않는다며 ""위스키나 고량주 같은 센 술을 좋아했는데 요즘은 소주가 좋다. 삶의 무게가 느껴지는 건지""라고 너스레를 떨었다. 건강하게 스트레스를 풀고 늘 한결같은 모습을 보여주고 있는...",2019.12,12
69,69,2019.12.01.,뉴스핌,[현장 탐방] '포도주 업계 마오타이' 세계가 인정한 중국 옌타이 장위 포도주,"프랑스와 스페인 등 서방 세계 포도주 전문가들은 '바이주(白酒, 고량주)의 나라' 중국이 세계 톱 수준의 최상급 포도주를 만들고 있다는 데 대해 놀라움을 감추지 못한다. [옌타이=뉴스핌] 최헌규 특파원= 옌타이 장위...",2019.12,12
70,70,2019.12.01.,더팩트,[내가 본 '이승기'] 롱런 이유? 사회면 진출 NO,"이승기는 주종은 가리지 않는다며 ""위스키나 고량주 같은 센 술을 좋아했는데 요즘은 소주가 좋다. 삶의 무게가 느껴지는 건지""라고 너스레를 떨었다. 건강하게 스트레스를 풀고 늘 한결같은 모습을 보여주고 있는...",2019.12,12
71,71,2019.11.22.,아주경제,"[중국증시] '酒기업' 마오타이, 공상은행 제치고 시총 1위로","중국 고급 바이주(白酒, 고량주) 대명사 구이저우마오타이(貴州茅台, 이하 마오타이)가 세계 최대 은행인... 중국인의 소비 업그레이드 속 고급 바이주(白酒, 고량주) 소비가 왕성해 질 것인만큼 시장 전망이 밝을...",2019.11,11
72,72,2019.11.19.,매일경제,식당 주인들이 뿔났다! `노튜버존` 등장한 이유는?,"다른 누리꾼은 ""노튜버존 이해 가는 게 우리집 근처에 유명한 짬뽕 집 있는데 거기서 고량주 마시고 폰 보고 소리 지르면서 방송하니까 짜증 나더라""(JIZZA******)라고 자신의 경험을 이야기하기도 했다. 노튜버존의 취지에는...",2019.11,11
73,73,2019.11.17.,충청투데이,"양승조, 靑출신 3인방과 회동","양 지사 일행은 코스 요리에 연태고량주를 곁들인 것으로 확인됐다. 회동은 3시간 가까이 이뤄졌다. 자리를 끝낸 양 지사는 대기 중이던 취재진에게 ""좋은 얘기를 했다""고 짧게 설명했다. 복 전 비서관은 ""'대한민국의...",2019.11,11
74,74,2019.11.17.,대전일보,양승조 충남도지사 청와대 출신 총선 출마자 회동,"양 지사 일행은 코스 요리에 연태고량주를 곁들인 것으로 확인됐다. 회동은 3시간 가까이 계속됐다. 자리를 끝낸 양 지사는 대기 중이던 취재진에게 ""좋은 얘기를 했다""고 짧게 말했다. 복기왕 전 비서관은 ""대한민국의...",2019.11,11
75,75,2019.11.17.,머니투데이언론사 선정,"비만 부르는 송년회 시즌 ""알고 마시면 덜 찐다""","소주, 고량주, 위스키, 코냑 등 증류주의 경우 술만 마신다면 살은 찌지 않는다. 결국 비만과 관련된 문제는 술과 함께 먹는 음식이다. 강재헌 강북삼성병원 교수는 ""알코올이 반드시 비만을 유발하는 것은 아니지만...",2019.11,11
76,76,2019.11.17.,중부매일,시의 플랫폼 - 겨울산,그러나 고통도 위조지폐처럼 가짜가 있다. 그것을 찍어 남발하는 사람들은 바로 기회주의자들이다. 시인의 언어는 짧고 강렬해서 물인줄 알고 목구멍에 탁 털어 넣은 고량주 같다./ 최호일 시인 시의플랫폼,2019.11,11
77,77,2019.11.15.,오마이뉴스언론사 선정,"[민병래의 사수만보] 전노협의 마지막 위원장 양규헌, 그가 꾸는 꿈","탕수육에 깐풍기, 고량주까지 더한 제법 풍성한 자리였다. 양규헌은 이날 ""자기 인생에서 제일 소중한 사업을 마무리했다""며 기뻐했다. 그가 현장을 기록하고 시대를 증언하는 사업으로 첫 결실을 이룬 날이었다....",2019.11,11
78,78,2019.11.15.,헤럴드경제언론사 선정,[단독] 연태고량주 독점 상표권 인정된다…경쟁회사 폐업수순,유명 중국 주류 ‘연태고량주’의 독점적 상표권을 인정한 판결이 나왔다. 앞으로 원 수입자 외의 다른 회사들이 연태고량주 이름을 사용해 판매할 경우 손해배상 책임을 지게 될 전망이다. 서울고법 민사4부(부장...,2019.11,11
79,79,2019.11.15.,영남일보,"별별상상 칠성야시장, 신천둔치 품은 별별상상 먹거리 야행",이곳에선 지역에서 생산되는 ‘칠성수제맥주’와 ‘수성고량주’를 조합한 칵테일 등 특화 주류를 판매하는 매대도 있어 손님들의 발길이 이어졌다. 더 많은 손님을 끌기 위한 매대 간 경쟁도 치열했다. 매대 앞에서...,2019.11,11
80,80,2019.11.14.,한국경제,숙성육 전문 기업 '인큐시스' 월드와인 및 주류 박람회 2019 참가,"인큐시스의 전문 숙성고와 특별한 숙성 육제품들을 곁들여 맛보게 될 '월드와인 및 주류 박람회 2019'는 인큐시스의 숙성 육제품들과 어울릴만한 와인부터 맥주, 고량주, 보드카, 럼, 사케, 시드르 등 다양한 주류와...",2019.11,11
81,81,2019.11.14.,아주경제,[르포] 와인부터 전통주까지…역대 최대 ‘술잔치’ 열렸다,"올해는 맥주 비중이 줄고 한‧중‧일 전통 주종인 막걸리와 고량주, 사케 참여 비중이 늘어난 게 특징이었다. 희소성 높은 와인으로 분류되는 ‘베가 시실리아 우니코’부터 ‘몰트 위스키 라프로익 24년산’...",2019.11,11
82,82,2019.11.11.,디스커버리뉴스,"중식 레스토랑 콴쒸이, 송년회 모임 장소 예약 이벤트 진행","또, 모든 예약 고객에게는 연태고량주(500ml) 1+1을 비롯하여 신선한 재료의 요리 한가지와 수제군만두를 제공한다. 콴쒸이는 흥국생멸빌딩 지하 1층에 위치하고 있으며, 사전 전화예약을 하면 위와 같은 혜택을 받아볼 수...",2019.11,11
83,83,2019.11.06.,시사IN,검찰이 셀프 개혁한다고?,"검사들이 회식을 앞두고 세관에 전화를 걸어 스폰서가 항공으로 실어오는 고급 양주나 고량주 박스를 빼주었다. 성 접대만이 아니었다. 스폰서 정씨가 증언하는 1980~90년대 ‘시세’에 따르면, 한 달에 두 번씩 검찰...",2019.11,11
84,84,2019.11.05.,무비스트,[영화신간] 부산국제영화제 일등공신 故김지석 수석프로그래머 <김쌤은 출장 ...,함께 고량주를 마시며 명대사 “XX놈아”를 수차례 따라한 일 등 영화 애호가라면 흥미롭게 읽을 만한 에피소드가 여럿 담겼다. 책장을 넘길수록 점차 분명해지는 건 부산국제영화제의 부흥을 위해 애쓴 고 김지석...,2019.11,11
85,85,2019.11.05.,오마이뉴스언론사 선정,15종류 소주 맛을 구분하는 데는 순서가 있다,"고구마소주, 보리소주, 수수로 빚은 고량주는 주재료에서 올라온 향이 강해서 쉽게 구분할 수 있다. 그런데 쌀소주는 향이 여려서 특징을 잡아내기 어렵다. 한국 증류식 소주에서 가장 많이 사용된 재료는 쌀이다. 그래서...",2019.11,11
86,86,2019.11.05.,파이낸셜뉴스,"새마을문고 대구북구지부, 북 페스티벌 성료","북구청과 서부교육청이 후원하고 새마을문고 대구북구지부(회장 이승로 수성고량주 대표)가 '아이들과 함께하는 문화공동체' 사업으로 추진되는 행사다. 이상길 대구시 행정부시장은 ""독서를 통해 지혜로운 아이로...",2019.11,11
87,87,2019.11.05.,영남일보,새마을문고 대구 북구지부 북페스티벌 성료,"새마을문고 대구 북구지부(회장 이승로·수성고량주 대표)가 주최하는 북 페스티벌 ‘제3회 부키야 놀자’가 지난 2일 삼성창조경제단지에서 이상길 대구시 행정부시장, 배광식 북구청장 등 2천여명이 참석한 가운데...",2019.11,11
88,88,2019.11.04.,매일신문,"[사설] 칠성 야시장 성공 유지, 연계 전략이 필요하다","특화 주류 판매장인 '칠성 주도 상회'가 선보인 저렴한 가격의 칵테일과 수성 고량주를 베이스로 한 모히토 칵테일 '부엉이 모히토'도 인기를 끌었다. 400여 석의 휴게 공간을 마련해 방문객의 편의를 도모했으며, 주말에는...",2019.11,11
89,89,2019.11.04.,경북일보,[명인] 2. 조옥화 민속주 안동소주 명인,"며느리인 배경화 전수자는 ""안동소주는 곡주여서 고량주와 비슷하지만 마신 뒤 향기가 입안에 은은하게 퍼져 입안을 개운하게 해 주며 45%의 고도주인데도 담백하고 숙취가 전혀 없다""고 말했다. 특히 안동소주는 오래...",2019.11,11
90,90,2019.11.03.,대구신문,오감만족 먹거리에 신천변 운치 '엄지척',"칠성주도상회에서는 '대경맥주' 등 향토 수제맥주와 수성 고량주를 베이스로 한 모히토 칵테일 '부엉 모히토' 등 특화 주류를 선보이기도 했다. 이밖에도 별빛소원등과 공룡 포토존, 금요일에서 토요일 운용되는...",2019.11,11
91,91,2019.11.02.,매일신문,북 페스티벌 '부키야 놀자' 성황리 개최…다채로운 참여마당 눈길,새마을문고 대구북구지부(지부장 이승로 수성고량주 대표)가 주최하는 북페스티벌 '부키야 놀자'가 2일 대구 북구 침산동 삼성창조경제단지에서 열렸다. 올해로 3회째를 맞는 이번 행사는 아이들에게 책의 소중함과 독서...,2019.11,11
92,92,2019.11.02.,매일신문언론사 선정,"칠성야시장, 서문야시장 아성 잇나…개장 첫날 '인산인해'",이 가운데 수성 고량주를 베이스로 한 모히토 칵테일 '부엉이 모히토'와 야시장을 방문한 이들에게 추억을 선사한다는 의미의 이름을 지닌 '야밤스토리'는 방문객들의 입맛을 사로잡았다. 칠성 야시장은 연중 쉬는 날 없이...,2019.11,11
93,93,2019.10.02.,프레시안,‘술의 전설’ 창녕에 있다… 막걸리 전통 지킨다,"수성고량주, 백구 소주, 기린 소주, 제 비원 소주, 막걸리 등 그가 거쳐 온 곳이 술의 역사이고 전설이었다. 기억에 남는 일화로는 ""1970년대 박정희 대통령은 막걸리를 즐겨 마셨다. 대구에 오실 때마다 수성호텔에 막걸리...",2019.10,10
94,94,2019.10.01.,뉴스프리존,"최윤슬 '2019 홍성국제단편영화제' 홍보대사 위촉...""세상과 소통화는 가교가...","한편, 배우 최윤슬은 한중 합작 화장품, 베트남 화장품 브랜드 C7, 중국 명품 고량주 귀주주중주의 한국 전속모델로 발탁 되었으며, 국내에서는 방송인 서장훈과 함께 바자르 심플럭스 에어컨커버 광고에 등장했다. 또한...",2019.10,10
95,95,2019.10.01.,bnt뉴스,[인터뷰] 최희 “‘노잼희TV’ 30대 여자라면 공감할 수 있는 콘텐츠로 소통 ...,"예전에는 소주나 독주를 잘 못 마셨는데, 요즘은 소주, 위스키, 고량주까지 섭렵했다. 인생의 쓴 맛을 봐서 그런가?(웃음). 만약 주류 CF가 들어온다면 누구보다 잘 할 자신 있다. 진정성이 있기 때문에(웃음)” Q. 반려동물...",2019.10,10
96,96,2019.10.01.,뉴스프리존,"최윤슬 '2019 홍성국제단편영화제' 홍보대사 위촉...""세상과 소통화는 가교가...","한편, 배우 최윤슬은 한중 합작 화장품, 베트남 화장품 브랜드 C7, 중국 명품 고량주 귀주주중주의 한국 전속모델로 발탁 되었으며, 국내에서는 방송인 서장훈과 함께 바자르 심플럭스 에어컨커버 광고에 등장했다. 또한...",2019.10,10
97,97,2019.10.01.,bnt뉴스,[인터뷰] 최희 “‘노잼희TV’ 30대 여자라면 공감할 수 있는 콘텐츠로 소통 ...,"예전에는 소주나 독주를 잘 못 마셨는데, 요즘은 소주, 위스키, 고량주까지 섭렵했다. 인생의 쓴 맛을 봐서 그런가?(웃음). 만약 주류 CF가 들어온다면 누구보다 잘 할 자신 있다. 진정성이 있기 때문에(웃음)” Q. 반려동물...",2019.10,10
98,98,2019.09.29.,부산일보,[포토뉴스] ‘깔끔한 끝맛’ 강소백 고량주 맛보세요,롯데백화점 부산본점은 다음 달 2일까지 ‘강소백’ 고량주 팝업스토어를 운영한다. 높은 도수에도 끝맛이 깔끔하다. 롯데쇼핑 제공,2019.09,09
99,99,2019.09.28.,인사이트,도수 50도 고량주까지 맥주잔에 따라 마시는 '술먹방' 유튜버의 '한잔만' 클래...,이날 광대는 50도의 고량주 250ml를 글라스 한 잔에 모두 따라 원샷했다.소주잔으로 한 잔만 마셔도 목이 타들어가는 느낌이 드는 고량주를 글라스로 마시고도 시원해(?) 보이는 그의 리액션에 입이 저절로 떡 벌어진다.그의...,2019.09,09
100,100,2019.09.26.,아주경제,"중국 연태市, 국내 기업에 투자유치 '러브콜'",세금감면 앞세워…보조금 지원 및 사무공간 제공도 앞서 LG디스플레이·포스코 등이 현지법인 세워 백승룡 기자 canary@ajunews.com [데일리동방] '연태고량주'로 널리 알려진 중국 연태시(市)가 국내 기업을 대상으로...,2019.09,09
101,101,2019.09.26.,오마이뉴스,대전으로 가는 길,"아니면 태화장이나 중국성에 들어가 잡채를 안주로 고량주를 한잔 하고 싶다. 아니면 광천식당, 진로집도 좋겠다. 지나간 것들은 다시 돌아오지 않겠지만. 나의 청춘을 포함하여……. ▲  대전중앙시장 ⓒ 한국관광공사...",2019.09,09
102,102,2019.09.26.,공감신문,대구 중식당 호텔 인터불고엑스코 동보성 '마라탕 프로모션' 선보여,"연태 고량주의 콜라보레이션을 선보인다고 알렸다. 동보성은 깔끔한 시설, 고급스러운 분위기에서... 세트메뉴인 동보성 마라탕과 연태고량주는 푸짐한 2인 마라탕과 연태고량주(小)의 콜라보레이션으로, 연태고량주와...",2019.09,09
103,103,2019.09.25.,그린포스트코리아,마라맛 사탕・춤추는 옷…기발한 아이디어 가득한 TMF2019  ,"최근 한국에서 열풍이 불고 있는 마라맛이 접목된 사탕, 홍고추와 칠리페퍼를 얹은 훠궈처럼 생긴 케이크, 끈적하게 만든 버블티로 속을 채운 빵, 중국 고량주인 마오타이주를 섞은 아이스크림 등이다....",2019.09,09
104,104,2019.09.25.,뉴스핌,"[백주로 떠나는 중국기행] 양조장을 나온 소프트파워, 고량주 비즈니스","최헌규 중국전문기자= ""여기서 몇 시간 더 가면 항저우(杭州)라는 곳이 나와요. 그곳에는 서호(西湖)라는 큰 호수가 있는데 중국인이 1년 동안 마시는 바이주(白酒, 백주)가 양으로 따지면 아마 서호만큼 될 겁니다....",2019.09,09
105,105,2019.09.24.,뉴스핌,"A주 황제株 귀주모태 끝없는 상승, 시총 구이저우성 GDP 추월",24일 중국 증시에서는 고량주 섹터 종목이 강세를 보였다. 고량주 대표 종목인 귀주모태 주가 역시 가파른 상승세를 타며 전일 대비 2.88% 오른 1182.11위안을 기록했다. 이날 시장의 이목이 쏠린 것은 귀주모태의...,2019.09,09
106,106,2019.09.23.,공감신문,"양꼬치 당기는 날…잡내 없는 양고기의 매력, 하남 미사 맛집 '일미양구이'","칭따오 외에도 연태고량주, 공부가주, 죽엽청주, 노주탄, 설원 등 다양한 주류를 갖춰 양꼬치와 함께 즐기기 좋다. 양고기 외에 다양한 중국요리도 있다. 중국음식은 우리에게 매우 친숙한 음식이다. 동네 중국집에서...",2019.09,09
107,107,2019.09.23.,경남일보,[김흥길의 경제이야기] 350년 전통의 가양주-경주교동법주,"우리나라의 소주를 비롯하여 위스키, 브랜디, 프랑스의 꼬냑, 중국의 고량주, 러시아의 보드카 등이 증류주에 속한다. 우리나라에는 전통적으로 지역별로 다양한 민속주들이 제조되어 왔는데, 1988년에 8대 전통 민속주를...",2019.09,09
108,108,2019.09.19.,부산일보,"'생방송투데이' 해물 돌판 누룽지탕, 서대문 남가좌동 락희안…맛의승부사(오...",누룽지와 진한 바다 향을 뜨끈한 상태로 마지막까지 느낄 수 있어 최고의 호평을 받고 있다. 두태기름과 고량주의 일종인 백주까지 사용해 탱탱한 식감을 자랑하는 해물완자도 고소한 맛이 일품이다. 디지털편성부 multi@,2019.09,09
109,109,2019.09.18.,매일신문,"배우 최윤슬, 명품 고량주 귀주주중주 전속모델 발탁","배우 최윤슬이 중국 마오타이 모태진의 고장 귀주성에서 생산되는 명품 고량주 귀주주중주의 한국 전속모델로 발탁됐다. 귀주주중주 측은 ""올해 하반기부터 한국 소비자들에게 대중적이고 친근한 이미지를 주고자 배우...",2019.09,09
110,110,2019.09.17.,오마이뉴스,"[허시명의 술술술] 중국인과의 거래, 이 말 나오면 성공","식당에서 제조장 대표는 톈진(天津) 특산품 장미 고량주와 친구가 선물한 상표 없는 마오타이주를 내놓았다. 저녁 식사를 하는데 거래의 끈이 더 단단히 동여매지는 것 같았다. 원저우시를 방문한 게 아니라, 그가 사는...",2019.09,09
111,111,2019.09.14.,뉴시스,[김정환의 맛볼까]천고마비 계절에 그리는 호텔가 식탐 지도 ⑨켄싱턴호텔 여...,더 치어스는 샹하오의 각종 모임에서 인기 있는 시그니처 요리 중 3가지를 선택해 고량주(연태 또는 공부가주)와 함께 즐길 수 있는 메뉴다. 시그니처 요리는 '어향동고' '전가복' '소고기 안심 마라탕' '망고 라임 새우...,2019.09,09
112,112,2019.09.11.,M이코노미,"배우 최윤슬, 중국 모태진 귀주주중주 전속 모델 활동","배우 최윤슬이 중국 마오타이 모태진의 고장 귀주성에서 제조 생산되는 명품 고량주 귀주주중주의 한국 전속모델로 활동한다. 배우 최윤슬은 대종상영화제 레드카펫 MC, 대한민국 문화연예대상 MC, 대한민국 톱스타상...",2019.09,09
113,113,2019.09.10.,bnt뉴스,"배우 최윤슬, 고량주 전속모델 발탁...중국-베트남 등 다양한 글로벌 행보",배우 최윤슬이 중국 마오타이 모태진의 고장 귀주성에서 제조/생산되는 명품 고량주 귀주주중주의 한국 전속모델로 발탁됐다. 최윤슬은 그 외에도 한중합작화장품 브랜드 감동의 전속모델로도 활동하고 있으며...,2019.09,09
114,114,2019.09.10.,MTN,"[글로벌스톡 2부 - 차이나 인사이트] 내수 경기 부양에 집중하는 中, 주목할 ...","* 마오타이 - 중국 최고의 선물 고급 바이주 - 고량주의 절대 강자, 백주업계의 1인자 귀주모태 - 중국의 대표 내수주, 마오타이 '귀주모태' Q. 코스트코 中 1호점을 향한 열기, 마오타이 덕택인가? - 中 코스트코 열기...",2019.09,09
115,115,2019.09.09.,CCTV뉴스,"아직 안가봤니? 양고기집 도장 깨기 끝판왕, 동인천 신포동 맛집 '별미 양꼬치...","칭따오 외에도 하얼빈 맥주와 고급주류인 연태고량주, 공부가주, 설원 등을 갖춰 양꼬치와 함께 즐길 수 있다. 구이에는 참숯 백탄을 사용한다. 이에 대해 ""양고기 고유의 맛은 재료와 불이 결정한다""면서 ""백탄은 인체에...",2019.09,09
116,116,2019.09.09.,비욘드포스트,"최윤슬, 중국 모태진 귀주주중주와 전속모델 계약","배우 최윤슬이 중국 마오타이 모태진의 고장 귀주성에서 제조 생산되는 명품 고량주 '귀주주중주'의 한국 전속모델로 활동한다. 최윤슬은 배우이지만 대종상영화제 레드카펫 MC, 대한민국 문화연예대상 MC, 대한민국...",2019.09,09
117,117,2019.09.08.,티티엘뉴스,"타이완 관광의 모든 것, 타이완관광청 9월 서울 로드쇼 개최","특히 메인무대에서는 타이완 관련 퀴즈행사를 진행해 정답을 맞춘 관람객에게는 타이완관광청에서 휴대용 선풍기, 금문도 고량주 등 다양한 선물을 증정해 관람객들에게 기쁨을 안겨 주었다. ▲타이완 9월 서울로드쇼...",2019.09,09
118,118,2019.09.06.,영남일보,수성후레쉬 4본입 선물세트 출시,수성고량주는 수성후레쉬 4본입 선물세트<사진>를 대구백화점과 대구지역 슈퍼마켓을 통해 출시한다. 각 250㎖ 용량에 알코올도수는 40도다. 수성고량주는 “수성후레쉬는 붉은 수수를 발효 증류한 순수곡물 발효증류주로...,2019.09,09
119,119,2019.09.06.,머니S,[맛집로드] 요즘 어른이들의 분식,"한마디로 ‘뉴 차이니즈 분식’이라고 표현할 수 있는데 정통 중식당에서 맛볼 수 있는 일품요리를 젊은 층도 쉽게 접근할 수 있도록 진입 장벽을 낮췄으며 분식을 표방하지만 고량주, 소주가 절로 생각나도록 메뉴를...",2019.09,09
120,120,2019.09.05.,뉴스핌,"중국 고급백주, 중추절 국경절 맞아 수요 증가로 주가와 가격 훨훨","백주(고량주) 대목인 중추절(중국 추석), 국경절을 앞두고 마오타이(茅臺), 우량예(五糧液), 루저우라오자오(瀘州老) 등 중국 주요 고급 고량주 브랜드의 판매가가 급등하고 있다. 또한 수요 확대에 따른 실적 향상...",2019.09,09
121,121,2019.09.05.,YTN,"[단독] 허재 ""'뭉쳐야 찬다', 시들어가던 날 살려…전성기 찾은 기분""","-'뭉쳐야 찬다'에서 ""제작진과 미팅에서 고량주 6병을 마시고 취한 김에 출연했다""고 농담해 웃음을 주기도 하셨어요. 이후에 제작진들이 그렇게 술 마시자고 찾아온다는 소문이 있던데요? 내가 아무리 많이 마셔도 하기...",2019.09,09
122,122,2019.09.05.,중도일보,"광화문 세종클럽, 추석연휴 정상영업… “맛집에서 명절 스트레스 푸세요”",금용문에서는 현재 대표 요리인 ‘황제금용 단호박 전가복’을 주문하면 연태고량주 250ml 한 병을 증정하는 프로모션이 진행 중이다. 금용문의 총괄 셰프인 우형섭 실장은 “전가복은 가족 모임에 주로 내는 중국의 대표...,2019.09,09
123,123,2019.09.03.,파이낸셜뉴스,"수성고량주, 추석 선물용 패키지 출시",수성고량주의 추석 선물용 패키지 '수성후레쉬' 세트. 사진=수성고량주 제공 [파이낸셜뉴스]수성고량주가 수성후레쉬 4본입 선물세트를 대구백화점 등 대구지역 수퍼마켓을 통해 출시한다(250㎖ 40도). 수성후레쉬는 붉은...,2019.09,09
124,124,2019.09.03.,매일신문,수성고량주 추석선물용 패키지 출시,수성고량주가 추석을 맞아 '수성후레쉬' 고량주 250㎖ 4개 들이 선물 세트를 출시한다. 수성후레쉬 고량주는 붉은 수수를 발효·증류한 순수곡물 발효증류주이다. 부드러운 목넘김과 그윽한 향이 특징이다. 고량주는...,2019.09,09
125,125,2019.09.03.,에너지경제,"켄싱턴호텔 여의도, 입맛 돋우는 가을 요리 특선 선봬","‘더 치어스 세트 메뉴’는 샹하오의 시그니처 요리 중 3가지를 선택해 고량주(연태 또는 공부가주)와 함께 즐길 수 있다. 시그니처 요리는 회식, 가족 모임 자리에서 인기 있는 △어향동고, △전가복, △소고기 안심...",2019.09,09
126,126,2019.09.02.,영남일보,"명지현학술연구회, 이승로 수성고량주 대표 초청특강",명지현학술연구회(원장 명지 이승남)는 지난달 29일 대구 서구 퀸스로드상가내 명지현 사무실에서 이승로 수성고량주 대표를 초대해 ‘술술 잘 풀리는 술 이야기’라는 주제의 특강을 들었다.,2019.09,09
127,127,2019.09.01.,아주경제,[이서우의 Pick味] 짜장면엔 고량주?···알수록 더 마시는 ‘대륙의 술’,우리가 흔히 빼갈이라 부르는 값싼 고량주 ‘이과두주(二鍋頭酒)’나 ‘연태’ 외의 제품을 찾는 이도 늘었다. 국내 백주 시장에서는 연태(연태구냥(烟台古酿·이하 연태)이 50% 이상 압도적인 시장 점유율을 차지하고...,2019.09,09
128,128,2019.09.01.,아주경제,[이서우의 Pick味] 짜장면엔 고량주?···알수록 더 마시는 ‘대륙의 술’,우리가 흔히 빼갈이라 부르는 값싼 고량주 ‘이과두주(二鍋頭酒)’나 ‘연태’ 외의 제품을 찾는 이도 늘었다. 국내 백주 시장에서는 연태(연태구냥(烟台古酿·이하 연태)이 50% 이상 압도적인 시장 점유율을 차지하고...,2019.09,09
129,129,2019.08.31.,머니투데이,[맛보세]올드보이 오대수가 부럽다! 내공의 군만두,군만두를 시킬 때 고량주나 소주 등 주류는 빠지지 않는다. 술 한잔과 함께 곁들이는 군만두는 사랑 그 자체다. 군만두를 잘하는 집들은 기본적으로 탕수육 등 다른 요리들도 잘한다. 짜장면도 과하게 달지 않아 단 음식을...,2019.08,08
130,130,2019.08.30.,아시아투데이,"켄싱턴호텔 여의도, 미식의 계절 가을 맞아 제철 메뉴 선봬",‘더 치어스 세트 메뉴’는 샹하오의 시그니처 요리 중 3가지를 선택해 고량주(연태 또는 공부가주)와 함께 즐길 수 있다. 시그니처 요리는 회식·가족 모임 자리에서 인기 있는 △어향동고 △전가복 △소고기 안심 마라탕...,2019.08,08
131,131,2019.08.29.,한겨레,‘와인은 술이 아닌 음식의 씨줄과 날줄’ 깨달아,보장하는 고량주였다). 프랑스와 이탈리아 등 구대륙의 적포도주는 경계 대상이었다. 미국이나 호주의... 한국에서 소주나 청주 그리고 중국에서 고량주도 분명 이런 역할을 해왔으리라. 하지만 나에게 술은 음식보다는...,2019.08,08
132,132,2019.08.29.,시선뉴스,중국 여행 시 놀라게 되는 상황 10가지...복수비자 발급 여행자의 '실 후기' ...,"04 저렴한 물가...특히 중국 맥주/고량주 가격 - 중국여행 하면 먹거리와 버스/지하철비가 저렴해 만족도 상승 - 특히 중국의 맥주와 고량주 가격이 착해 애주가들은 '엄지척' - 다만, 여행객이 많은 관광지의 식당, 클럽 등...",2019.08,08
133,133,2019.08.29.,뉴스핌,글로벌 유통사 '무덤' 중국서 '코스트코 광풍' 왜? 바람일까 추세일까?,돈이 있어도 구하기 힘든 구이저우마오타(貴州茅台) 고량주를 한 병에 1498위안에 팔았다. 공식 판매 사이트보다 1위안이나 낮고 시중 거래가보다는 훨씬 싼 가격이다. 중국에서 인기가 높은 한국 브랜드 MCM 가방도 인터넷...,2019.08,08
134,134,2019.08.28.,JTBC언론사 선정,미·중 무역전쟁도 비껴간 '상하이 코스트코'…인산인해,코스트코 상하이 개장일 인파예요.] 코스트코는 이번 개장을 앞두고 중국의 중산층을 겨냥해 명품 가방과 최고급 고량주 등을 최대 60% 저렴한 가격으로 준비했습니다. 하지만 중국 관영 매체는 이마저도 미국을...,2019.08,08
135,135,2019.08.28.,머니S,"[호텔가] 켄싱턴호텔 여의도, 가을 제철 메뉴 선봬","‘더 치어스 세트 메뉴’는 샹하오의 시그니처 요리 중 3가지를 선택해 고량주(연태 또는 공부가주)와 함께 즐길 수 있다. 시그니처 요리는 회식, 가족 모임 자리에서 인기 있는 ▲어향동고, ▲전가복, ▲소고기 안심 마라탕...",2019.08,08
136,136,2019.08.28.,디스커버리뉴스,"켄싱턴호텔 여의도, 레스토랑 ‘가을 특선 프로모션’ 선봬","‘더 치어스 세트 메뉴’는 샹하오의 시그니처 요리 중 3가지를 선택해 고량주(연태 또는 공부가주)와 함께 즐길 수 있다. 시그니처 요리는 회식, 가족 모임 자리에서 인기 있는 △어향동고, △전가복, △소고기 안심...",2019.08,08
137,137,2019.08.28.,천지일보,"[부산] 동구, 중국 절강성 소흥시와 교류 협정 체결","특히 ""황주""의 경우 ""백주"" 일색인 우리나라 고량주 시장에 새로운 맛과 향, 적정한 도수 등의 경쟁력을... 부산,동구,황주,백주,고량주,실리교류,우호협력,중국,절강성,소흥시,국제교류협력도시,한중우호센터",2019.08,08
138,138,2019.08.27.,부산일보,"부산 동구, 중국 절강성 소흥시와 국제우호협력도시 협정 체결","특히 ""황주""의 경우 ""백주""일색인 우리나라 고량주 시장에 새로운 맛과 향, 적정한 도수 등의 경쟁력을 가지고 시장개척을 위한 교두보로 동구와의 교류협력에 많은 기대를 걸고 있다. ""소흥관""은 오는 2021년 8월26일까지...",2019.08,08
139,139,2019.08.27.,충청리뷰,"부산시 동구, 중국 절강성 소흥시와 국제우호협력도시 체결","특히 황주의 경우 백주 일색인 우리나라 고량주 시장에 새로운 맛과 향, 적정한 도수 등의 경쟁력을 가지고 시장개척을 위한 교두보로 동구와의 교류협력에 많은 기대를 걸고 있다. '소흥관'은 오는 2021년 8월26일까지...",2019.08,08
140,140,2019.08.27.,국제신문,"부산 동구, 중국 절강성 소흥시와 국제우호협력도시 협정 체결","특히 “황주”의 경우 “백주”일색인 우리나라 고량주 시장에 새로운 맛과 향, 적정한 도수 등의 경쟁력을 가지고 시장개척을 위한 교두보로 동구와의 교류협력에 많은 기대를 걸고 있다.“소흥관”은 오는 2021년...",2019.08,08
141,141,2019.08.26.,리걸타임즈,[스페셜리포트] Leading Lawyers 2019 - 지식재산권,변호사도 법무법인 한결의 IP팀을 이끌며 활약을 이어가고 있다. 윤 변호사는 얼마 전 연대고량주 병 모방 사건에서 연대고량주의 병 모양을 베끼는 행위는 부정경쟁방지법 위반이라는 1심 승소판결을 받았다. 리걸타임즈,2019.08,08
142,142,2019.08.24.,조세금융신문,[최영준 소믈리에 와인레이블을 읽다]음식과의 매칭,"구수하고 톡톡 입에서 터지는 탄산의 막걸리에 바삭바삭한 파전, 느끼한 중식을 깔끔하게 씻어주는 고알콜의 고량주, 스테이크에 레드 와인 등 이미 옛날부터 혜안을 가진 선조들이 가이드라인을 다 만들어 놓았으니...",2019.08,08
143,143,2019.08.24.,광명지역신문,'모던패밀리' 고량주를 곁들이며 진솔한 인생 이야기를 이어갔다.,"두 사람은 다랭이 마을에 들러 옛 추억을 떠올렸고, 석양이 보이는 근사한 남해 풀빌라에서 바비큐에 고량주를 곁들이며 진솔한 인생 이야기를 이어갔다. 김영옥은 그러나 목적지에 다다를수록 불편한 기색을 감추지...",2019.08,08
144,144,2019.08.23.,공감신문,"박원숙, 김영옥 초대하자 ""남편과 이혼할 뻔"" 무슨일? 김영옥에 대해 ""친정 언...","김영옥은 `할미넴`이라는 별명에 걸맞게 코인 노래방에서 속사포 랩을 선보이는가 하면 저녁에는 고량주를 음식과 곁들이는 배포를 보였다. 박원숙은 김영옥의 끼에 ""연예인 안했으면 어쩔 뻔 했냐""고 묻자 김영옥은...",2019.08,08
145,145,2019.08.22.,매일경제,술맛 당기는 식당,위치 서울시 중구 수표로 50-1 시간 월~토 16:00~01:00 *일요일 휴무 ▶고량주와 오향장육의 만남 산동교자 명동 중앙우체국 부근에 위치한 산동교자는 이름처럼 물만두가 유명한 중국식당이다. 연태고량주 가장 작은...,2019.08,08
146,146,2019.08.21.,경인일보,"'모던패밀리' 남해 풀빌라 방문한 배우 김영옥·박원숙, 고령 나이에도 버킷리...","두 사람은 다랭이 마을에 들러 옛 추억을 떠올렸고, 석양이 보이는 근사한 남해 풀빌라에서 바비큐에 고량주를 곁들이며 진솔한 인생 이야기를 이어갔다. 특히 김영옥은 배우의 길을 포기할 수 없어 남편과 이혼도...",2019.08,08
147,147,2019.08.19.,경북매일신문,태종은 윤돈을 파직했다 김문에게 소주를 많이 권하여 죽게 한 때문이다,"중국 고량주(高粱酒, 수수), 일본 고구마 소주(고구마), 프랑스 코냑(포도), 유럽의 각종 위스키(보리 등), 한국 안동소주(쌀)는 증류주다. 인위적으로 증류해야 얻을 수 있다. 도수가 높다. 대부분 40도 이상이다. 우리가...",2019.08,08
148,148,2019.08.17.,매일경제,`모던패밀리` 미나-필립 부부 2세 계획 `뭉클`…자체최고시청률로 동시간대 1...,"두 사람은 다랭이 마을에 들러 옛 추억을 떠올렸고, 석양이 보이는 근사한 숙소에서 바비큐에 고량주를 곁들이며 진솔한 인생 이야기를 이어갔다. 특히 김영옥은 배우의 길을 포기할 수 없어 남편과 이혼도 불사했던...",2019.08,08
149,149,2019.08.17.,스타뉴스,"'모던 패밀리' 미나♥류필립, 간절한 2세 계획→김혜연 코디 만남","두 사람은 석양이 보이는 근사한 숙소에서 바비큐에 고량주를 곁들이며 진솔한 인생 이야기를 이어갔다. 특히 김영옥은 배우의 길을 포기할 수 없어 남편과 이혼도 불사했던 비화를 털어놨다. 그러면서 그는 ""남은 인생...",2019.08,08
150,150,2019.08.17.,광주매일신문,"'모던 패밀리' 박원숙-김영옥 & 필립-미나, 남해여행+2세 계획","두 사람은 다랭이 마을에 들러 옛 추억을 떠올렸고, 석양이 보이는 근사한 숙소에서 바비큐에 고량주를 곁들이며 진솔한 인생 이야기를 이어갔다. 특히 김영옥은 배우의 길을 포기할 수 없어 남편과 이혼도 불사했던...",2019.08,08
151,151,2019.08.17.,엑스포츠뉴스,"'모던 패밀리' 미나♥류필립, 간절한 2세 계획→'일일 임신 코디' 김혜연 만남","두 사람은 다랭이 마을에 들러 옛 추억을 떠올렸고, 석양이 보이는 근사한 숙소에서 바비큐에 고량주를 곁들이며 진솔한 인생 이야기를 이어갔다. 특히 김영옥은 배우의 길을 포기할 수 없어 남편과 이혼도 불사했던...",2019.08,08
152,152,2019.08.17.,한국경제,"'모던 패밀리' 다산의 여왕 김혜연, 미나♥필립 부부 '임신 코치' 맹활약","두 사람은 다랭이 마을에 들러 옛 추억을 떠올렸고, 석양이 보이는 근사한 숙소에서 바비큐에 고량주를 곁들이며 진솔한 인생 이야기를 이어갔다. 특히 김영옥은 배우의 길을 포기할 수 없어 남편과 이혼도 불사했던...",2019.08,08
153,153,2019.08.17.,헤럴드POP,"'모던패밀리' 류필립♥미나 ""작년 시험관 시술 실패..또 도전할 것""","두 사람은 다랭이 마을에 들러 옛 추억을 떠올렸고, 석양이 보이는 근사한 숙소에서 바비큐에 고량주를 곁들이며 진솔한 인생 이야기를 이어갔다. 특히 김영옥은 배우의 길을 포기할 수 없어 남편과 이혼도 불사했던...",2019.08,08
154,154,2019.08.17.,마이데일리,"'모패' 미나, ""작년 시험관 시술 실패...또 도전할 것""","두 사람은 다랭이 마을에 들러 옛 추억을 떠올렸고, 석양이 보이는 근사한 숙소에서 바비큐에 고량주를 곁들이며 진솔한 인생 이야기를 이어갔다. 특히 김영옥은 배우의 길을 포기할 수 없어 남편과 이혼도 불사했던...",2019.08,08
155,155,2019.08.17.,OSEN,"'모던패밀리' 류필립♥︎미나, ""작년 시험관 시술 실패..올해 또 도전""[핫TV]","두 사람은 다랭이 마을에 들러 옛 추억을 떠올렸고, 석양이 보이는 근사한 숙소에서 바비큐에 고량주를 곁들이며 진솔한 인생 이야기를 이어갔다. 특히 김영옥은 배우의 길을 포기할 수 없어 남편과 이혼도 불사했던...",2019.08,08
156,156,2019.08.17.,스포티비뉴스,"'모던패밀리' 미나♥류필립, 임신위해 '다산의 여왕' 김혜연에게 비법 전수[종...","안타까운 시간을 보내고 난 뒤 김원숙과 김영옥은 고기와 고량주를 마시며 즐거운 호캉스를 즐겼다. 김영옥은 남편과 헤어진다고 해도 절대 배우를 그만둘 수 없었다며, 배우를 향한 열정을 고백했다. 이어 김원숙도...",2019.08,08
157,157,2019.08.15.,스포츠경향,‘모던 패밀리’ 할미넴 김영옥 “주체 못할 끼? 남편과 이혼할 뻔” 비화 공...,"무엇보다 김영옥은 ‘할미넴’이란 애칭에 걸맞게 코인 노래방에서 속사포 랩을 선보이는가 하면, 저녁엔 고량주를 곁들이며 “역시 독주가 좋다”고 감탄해 신들린 예능감을 뽐낸다. 주체할 수 없는 ‘왕언니’의 끼에...",2019.08,08
158,158,2019.08.15.,MBN,"'모던 패밀리' 박원숙, '할미넴' 김영옥과 남해서 만난 이유는?","저녁은 고량주를 곁들여 먹으면서 ""역시 독주가 좋다""고 거침없는 입담을 뽐내는 김영옥에 박원숙은 ""연예인 안했으면 어쩔뻔했냐""며 혀를 내둘렀는데요. 이에 김영옥은 “무당이라도 됐을 것”이라며, 바쁜 연예계...",2019.08,08
159,159,2019.08.15.,마이데일리,"'모패' 김영옥, ""주체 못할 끼? 남편과 이혼할 뻔"" 비화 공개!","무엇보다 김영옥은 ‘할미넴‘이란 애칭에 걸맞게 코인 노래방에서 속사포 랩을 선보이는가 하면, 저녁엔 고량주를 곁들이며 “역시 독주가 좋다”고 감탄해 신들린 예능감을 뽐낸다. 주체할 수 없는 ‘왕언니’의 끼에...",2019.08,08
160,160,2019.08.15.,싱글리스트,"'모던패밀리' 박원숙, 김영옥과 남해여행...할미넴 ""주체못할 끼에 남편과 이...","무엇보다 김영옥은 '할미넴'이란 애칭에 걸맞게 코인 노래방에서 속사포 랩을 선보이는가 하면 저녁엔 고량주를 곁들이며 ""역시 독주가 좋다""고 감탄해 신들린 예능감을 뽐낸다. 주체할 수 없는 '왕언니'의 끼에 박원숙은...",2019.08,08
161,161,2019.08.15.,광주매일신문,"'모던 패밀리' 박원숙, '할미넴' 김영옥과 남해 여행","무엇보다 김영옥은 ‘할미넴‘이란 애칭에 걸맞게 코인 노래방에서 속사포 랩을 선보이는가 하면, 저녁엔 고량주를 곁들이며 “역시 독주가 좋다”고 감탄해 신들린 예능감을 뽐낸다. 주체할 수 없는 ‘왕언니’의 끼에...",2019.08,08
162,162,2019.08.15.,뉴스엔,‘모던 패밀리’ 김영옥 “연예인 안했으면 무당이라도 됐을 것”,"무엇보다 김영옥은 ‘할미넴‘이란 애칭에 걸맞게 코인 노래방에서 속사포 랩을 선보이는가 하면, 저녁엔 고량주를 곁들이며 “역시 독주가 좋다”고 감탄해 신들린 예능감을 뽐낸다. 주체할 수 없는 ‘왕언니’의 끼에...",2019.08,08
163,163,2019.08.14.,공감신문,중화문화명주로 선정된 몽고왕 국내 출시로 주류 업계 긴장,"백주 시장은 ""연태고량주""가 오랜 노력끝에 중국보다 국내에서 더 유명한 브랜드가 되었고 현재는 10가지 버전의 제품이 출시 되기에 까지 이르렀다. 이러한 중국 주류의 국내 성장세에는 유명 중식 스타 쉐프들과 먹방...",2019.08,08
164,164,2019.08.14.,뉴스핌,"마오타이만 안다면 '아재', 중국 신세대기 열광하는 '왕훙백주'는?","이동현기자= 중국을 대표하는 술 백주(白酒,고량주). 최근 중국에선 마오타이,우량예와 같은 고급 백주를... 이 백주는 산속에서 흐르는 미네랄이 풍부한 ‘청정수’로 직접 술을 빚어 건강에도 좋은 고량주로 명성이...",2019.08,08
165,165,2019.08.10.,W,요즘 대세! 한남동에서 가장 핫한 실내 포장마차 3,"주류는 고량주, 맥주, 소주를 갖추고 있는데 특히 칭따오, 하얼빈, 옌징의 중국 맥주와 스파이시한 향이 매력적인 ‘금화 고량주’를 판매하니 참고할 것. 주소: 서울 용산구 대사관로31길 20 B1층 영업시간: 저녁6시부터...",2019.08,08
166,166,2019.08.10.,이뉴스투데이,"[안병익의 식신 맛집] 입안 가득 부드럽고 고소한 풍미, 양갈비 신흥 강자 BE...","ㅎㅎ ◇ 은은한 숯불의 풍미가 녹아든, 서울 연희동 'THE Yang' 'THE Yang'은 양고기와 함께 소주와 맥주는 물론 고량주, 사케, 와인까지 다양한 주류를 곁들여 마실 수 있는 곳이다. 블랙 톤으로 꾸민 매장 내부를 은은하게...",2019.08,08
167,167,2019.08.07.,부산일보,[중국 후난성 천저우] 대륙의 음주 문화,"고량주를 유리 주전자 형태의 중간 잔에 덜어 놓고, 각자의 잔에 따라 마신다. 자리를 돌면서 일대일 건배(?)... 원형 식탁 ‘주안판’서 고량주 마실 땐 중간 잔에 덜어 놓고 각자 따라 마셔 여성현에서 있었던 일이다....",2019.08,08
168,168,2019.08.06.,뉴스핌,"[8/6 중국증시종합] 환율조작국 지정에 2800P 무너져, 상하이지수 1.56 %↓","다만 백주(고량주) 종목, 화웨이 테마주, 희토류 종목이 강세를 보이면서 6일 거래규모는 전 거래일 대비 다소 증가했다. 이날 상하이 선전 증시 거래대금은 각각 2552억위안과 2684억위안을 기록했다. 한편...",2019.08,08
169,169,2019.08.04.,메트로신문,"[메트로 트래블] 일성여행사, 가성비 갑(甲)'염성사양도 2박3일 골프'54만원대...","칭다오맥주가 25위안, 연태고량주가 70위안 등 물가는 저렴한 편이다. 9월, 10월 핫한 쉬는 빨간날 외에도 9월1일~10일, 9월11일~11월15일, 11월16일~12월31일 까지 화, 목 출발패턴으로 2박 부터 5박 까지 다양한 옵션이...",2019.08,08
170,170,2019.08.04.,한겨레21,"록페 수난시대, 즐거운 축제는 따로 있다","록·포크·팝·힙합 등 다양한 장르 음악인들이 어울려 공연했고, 관객은 수제맥주와 고량주 칵테일을 공짜로 즐겼다. 플리마켓도 인기였다. 호란은 직접 만든 장신구를 팔았고, 불나방스타쏘세지클럽의 까르푸황은...",2019.08,08
171,171,2019.08.03.,충청매일,"소정, 최근 SNS에 ""궂은 날씨에도 와주신 우리""","이와 관련해 팬들은 ""아! 남은 고량주도 가져왔죠?"", ""달콤한 미소."", ""소정이가 최고야"", ""간사람들 좋았껬당"" 등의 반응을 표했다. 그런가하면 소정은 지난 7월 30일에도 자신의 인스타그램을 통해 근황을 전했다.",2019.08,08
172,172,2019.08.01.,스타데일리뉴스,"'설원' 고량주, 9천만 돌파 '두부의 의인화' 인기 동반 상승",'설원'(雪原) 고량주가 '연령의 다변화'로 인기를 얻고 있다. 중장년층 소비자들로부터 인기를 기록한 '설원'은 웹드라마 '두부의 의인화'를 통해 20대 소비자들의 관심을 이끌어내며 매출 상승을 거듭하고 있다. 지난해...,2019.08,08
173,173,2019.08.01.,스포츠동아,“삼국지 이야기 담긴 고량주 즐기세요”,"롯데백화점이 서울 잠실점에서 ‘강소백 고량주 팝업스토어’를 운영, ‘삼국지 에디션 패키지’를 판매한다. 삼국지의 인기 캐릭터와 주요 사건들을 글로 구성한 제품이다. 높은 도수에도 불구하고 끝 맛이 깔끔해 부담...",2019.08,08
174,174,2019.08.01.,세정신문,[현장에서]술이 요즘 이슈다…그런데 '국민건강'은 없다,"이보다 앞서 지난 2016년에는 이른바 '맥주보이' '치맥페스티벌' '치킨집의 맥주, 중국집의 고량주, 족발집의 막걸리.소주 배달'을 허용하는 고시·규정도 개정됐다. 이 대목에서 한 가지 묻고 싶다. 술을 더 잘 팔 수 있도록...",2019.08,08
175,175,2019.08.01.,스타데일리뉴스,"'설원' 고량주, 9천만 돌파 '두부의 의인화' 인기 동반 상승",'설원'(雪原) 고량주가 '연령의 다변화'로 인기를 얻고 있다. 중장년층 소비자들로부터 인기를 기록한 '설원'은 웹드라마 '두부의 의인화'를 통해 20대 소비자들의 관심을 이끌어내며 매출 상승을 거듭하고 있다. 지난해...,2019.08,08
176,176,2019.08.01.,스포츠동아,“삼국지 이야기 담긴 고량주 즐기세요”,"롯데백화점이 서울 잠실점에서 ‘강소백 고량주 팝업스토어’를 운영, ‘삼국지 에디션 패키지’를 판매한다. 삼국지의 인기 캐릭터와 주요 사건들을 글로 구성한 제품이다. 높은 도수에도 불구하고 끝 맛이 깔끔해 부담...",2019.08,08
177,177,2019.07.31.,스포츠서울,"[포토] 롯데百, 중국서 불티 '강소백' 고량주 판매","롯데백화점은 잠실점에서 ‘강소백’ 고량주 팝업스토어를 진행한다고 30일 밝혔다. 강소백 고량주는 중국 내에서 한 해 동안 3억병 이상 판매됐으며, 중국 최대 전자상거래 사이트에서 주류 부문 판매 1위를 차지한 바...",2019.07,07
178,178,2019.07.30.,로이슈,"롯데백화점, 중국에서 한 해 동안 3억병 판매된 강소백 고량주 판매","롯데백화점은 잠실점에서 ‘강소백’ 고량주 팝업스토어를 운영해 ‘삼국지 에디션 패키지’를 판매한다. '강소백’ 고량주는 중국 내에서 한 해 동안 3억병 이상 판매됐으며, 중국 최대 전자상거래 사이트에서 주류 부문...",2019.07,07
179,179,2019.07.30.,업다운뉴스,"밀레니얼 세대 위한 고량주가 떴다...롯데백화점, '삼국지 에디션 패키지' 출..."," 롯데백화점은 잠실점에서 '강소백' 고량주 팝업스토어를 운영해 '삼국지 에디션 패키지'를 3 6,000원에 판매한다. '강소백' 고량주는 중국 내에서 한 해 동안 3억병 이상 판매됐으며 중국 최대 전자상거래 사이트에서 주류...",2019.07,07
180,180,2019.07.30.,뉴데일리,"[포토] 롯데백화점, 끝 맛 깔끔한 '강소백' 고량주 판매","뉴데일리 박성원 기자 = 롯데백화점이 30일 오전 서울 송파구 롯데백화점 잠실점에서 '강소백' 팝업스토어를 열고, 고량주 삼국지 에디션 패키지를 선보이고 있다. 이날 선보인 '강소백' 고량주는 중국 내에서 한 해동안...",2019.07,07
181,181,2019.07.30.,아시아엔,밀레니얼 세대를 위한 강소백 고량주가 롯데백화점 잠실점에 떴다,중국에서 한 해 동안 3억병 판매된 강소백 고량주 판매 롯데백화점은 잠실점에서 ‘강소백’ 고량주 팝업스토어를 운영해 ‘삼국지 에디션 패키지’를 3만 6000원에 판매한다. '강소백’ 고량주는 중국 내에서 한 해 동안...,2019.07,07
182,182,2019.07.30.,브릿지경제,"[포토] ""강소백 고량주 한정판 구매하세요""","""강소백 고량주 한정판 구매하세요"" 롯데백화점 잠실점이 ‘강소백’ 고량주 팝업스토어를 통해 삼국지 에디션 패키지를 3만6000원에 판매한다. 강소백 고량주는 중국 내에서 한 해 동안 3억병 이상 판매됐으며 중국 최대...",2019.07,07
183,183,2019.07.30.,뉴시스,'강소백 고량주 드세요',"30일 서울 롯데백화점 잠실점에서 모델들이 강소백 고량주를 소개하고 있다. 롯데백화점은 잠실점에서 강소백 고량주 팝업스토어를 운영, 삼국지 에디션 패키지를 판매한다. 2019.07.30. (사진=롯데백화점 제공)",2019.07,07
184,184,2019.07.30.,뉴시스,강소백 고량주 팝업스토어 오픈,"30일 서울 롯데백화점 잠실점에서 모델들이 강소백 고량주를 소개하고 있다. 롯데백화점은 잠실점에서 강소백 고량주 팝업스토어를 운영, 삼국지 에디션 패키지를 판매한다. 2019.07.30. (사진=롯데백화점 제공)",2019.07,07
185,185,2019.07.30.,뉴시스,강소백 고량주 팝업스토어 오픈,"30일 서울 롯데백화점 잠실점에서 모델들이 강소백 고량주를 소개하고 있다. 롯데백화점은 잠실점에서 강소백 고량주 팝업스토어를 운영, 삼국지 에디션 패키지를 판매한다. 2019.07.30. (사진=롯데백화점 제공)",2019.07,07
186,186,2019.07.30.,서울신문,[서울포토] ‘강소백’ 고량주 삼국지 에디션 패키지 출시,30일 오전 서울 송파구 롯데백화점 잠실점에서 모델들이 ‘강소백’ 고량주 삼국지 에디션 패키지를 소개하고 있다. 2019.7.30,2019.07,07
187,187,2019.07.30.,뉴스1,'강소백' 고량주 삼국지 에디션,30일 오전 서울 송파구 롯데백화점 잠실점에서 모델들이 '강소백' 고량주 삼국지 에디션 패키지를 소개하고 있다. 롯데백화점은 잠실점에서 높은 도수임에도 끝 맛이 깔끔하고 가벼운 느낌을 주는 강소백 고량주...,2019.07,07
188,188,2019.07.30.,뉴스1,롯데백화점 '강소백' 고량주 팝업스토어,30일 오전 서울 송파구 롯데백화점 잠실점에서 모델들이 '강소백' 고량주 삼국지 에디션 패키지를 소개하고 있다. 롯데백화점은 잠실점에서 높은 도수임에도 끝 맛이 깔끔하고 가벼운 느낌을 주는 강소백 고량주...,2019.07,07
189,189,2019.07.30.,뉴스1,중국서 한 해 3억병 이상팔린 '강소백' 고량주,30일 오전 서울 송파구 롯데백화점 잠실점에서 모델들이 '강소백' 고량주 삼국지 에디션 패키지를 소개하고 있다. 롯데백화점은 잠실점에서 높은 도수임에도 끝 맛이 깔끔하고 가벼운 느낌을 주는 강소백 고량주...,2019.07,07
190,190,2019.07.30.,뉴스1,깔끔한 맛의 강소백 고량주 맛보세요,30일 오전 서울 송파구 롯데백화점 잠실점에서 모델들이 '강소백' 고량주 삼국지 에디션 패키지를 소개하고 있다. 롯데백화점은 잠실점에서 높은 도수임에도 끝 맛이 깔끔하고 가벼운 느낌을 주는 강소백 고량주...,2019.07,07
191,191,2019.07.30.,뉴스1,'깔끔한 고량주 맛보세요',30일 오전 서울 송파구 롯데백화점 잠실점에서 모델들이 '강소백' 고량주 삼국지 에디션 패키지를 소개하고 있다. 롯데백화점은 잠실점에서 높은 도수임에도 끝 맛이 깔끔하고 가벼운 느낌을 주는 강소백 고량주...,2019.07,07
192,192,2019.07.30.,뉴스1,'중국서 3억병 판매' 롯데백화점 강소백 고량주 팝업스토어,30일 오전 서울 송파구 롯데백화점 잠실점에서 모델들이 '강소백' 고량주 삼국지 에디션 패키지를 소개하고 있다. 롯데백화점은 잠실점에서 높은 도수임에도 끝 맛이 깔끔하고 가벼운 느낌을 주는 강소백 고량주...,2019.07,07
193,193,2019.07.30.,뉴스1,롯데백화점 '강소백' 고량주 팝업스토어 운영,30일 오전 서울 송파구 롯데백화점 잠실점에서 모델들이 '강소백' 고량주 삼국지 에디션 패키지를 소개하고 있다. 롯데백화점은 잠실점에서 높은 도수임에도 끝 맛이 깔끔하고 가벼운 느낌을 주는 강소백 고량주...,2019.07,07
194,194,2019.07.30.,뉴스1,깔끔한 맛의 고량주 '강소백' 고량주 팝업스토어,30일 오전 서울 송파구 롯데백화점 잠실점에서 모델들이 '강소백' 고량주 삼국지 에디션 패키지를 소개하고 있다. 롯데백화점은 잠실점에서 높은 도수임에도 끝 맛이 깔끔하고 가벼운 느낌을 주는 강소백 고량주...,2019.07,07
195,195,2019.07.30.,뉴스1,'삼국지 영웅들과 고량주 한 잔 하세요',30일 오전 서울 송파구 롯데백화점 잠실점에서 모델들이 '강소백' 고량주 삼국지 에디션 패키지를 소개하고 있다. 롯데백화점은 잠실점에서 높은 도수임에도 끝 맛이 깔끔하고 가벼운 느낌을 주는 강소백 고량주...,2019.07,07
196,196,2019.07.30.,뉴스1,끝 맛이 깔끔한 '강소백' 고량주 맛보세요,30일 오전 서울 송파구 롯데백화점 잠실점에서 모델들이 '강소백' 고량주 삼국지 에디션 패키지를 소개하고 있다. 롯데백화점은 잠실점에서 높은 도수임에도 끝 맛이 깔끔하고 가벼운 느낌을 주는 강소백 고량주...,2019.07,07
197,197,2019.07.30.,뉴스1,롯데백화점 중국서 3억병 판매된 강소백 고량주 팝업스토어 운영,30일 오전 서울 송파구 롯데백화점 잠실점에서 모델들이 '강소백' 고량주 삼국지 에디션 패키지를 소개하고 있다. 롯데백화점은 잠실점에서 높은 도수임에도 끝 맛이 깔끔하고 가벼운 느낌을 주는 강소백 고량주...,2019.07,07
198,198,2019.07.30.,뉴스1,롯데백화점 '강소백' 고량주 삼국지 에디션 패키지 판매,30일 오전 서울 송파구 롯데백화점 잠실점에서 모델들이 '강소백' 고량주 삼국지 에디션 패키지를 소개하고 있다. 롯데백화점은 잠실점에서 높은 도수임에도 끝 맛이 깔끔하고 가벼운 느낌을 주는 강소백 고량주...,2019.07,07
199,199,2019.07.30.,뉴스1,'강소백' 고량주 맛보세요,30일 오전 서울 송파구 롯데백화점 잠실점에서 모델들이 '강소백' 고량주 삼국지 에디션 패키지를 소개하고 있다. 롯데백화점은 잠실점에서 높은 도수임에도 끝 맛이 깔끔하고 가벼운 느낌을 주는 강소백 고량주...,2019.07,07
200,200,2019.07.30.,연합뉴스,중국 인기 고량주 '강소백' 고량주 한국 상륙,30일 서울 송파구 롯데백화점 잠실점에서 모델들이 '강소백' 고량주를 홍보하고 있다. 이 고량주는 높은 도수에도 불구하고 끝 맛이 깔끔하고 가벼운 느낌을 줘 부담 없이 즐길 수 있다. 2019.7.30,2019.07,07
201,201,2019.07.30.,연합뉴스,중국 인기 고량주 '강소백' 삼국지 에디션 판매,30일 서울 송파구 롯데백화점 잠실점에서 모델들이 '강소백' 고량주를 홍보하고 있다. 이 고량주는 높은 도수에도 불구하고 끝 맛이 깔끔하고 가벼운 느낌을 줘 부담 없이 즐길 수 있다. 2019.7.30,2019.07,07
202,202,2019.07.30.,연합뉴스,"롯데백, '강소백' 고량주 팝업스토어 오픈",30일 서울 송파구 롯데백화점 잠실점에서 모델들이 '강소백' 고량주를 홍보하고 있다. 이 고량주는 높은 도수에도 불구하고 끝 맛이 깔끔하고 가벼운 느낌을 줘 부담 없이 즐길 수 있다. 2019.7.30,2019.07,07
203,203,2019.07.30.,연합뉴스,"롯데백, 중국 인기 고량주 '강소백' 판매",30일 서울 송파구 롯데백화점 잠실점에서 모델들이 '강소백' 고량주를 홍보하고 있다. 이 고량주는 높은 도수에도 불구하고 끝 맛이 깔끔하고 가벼운 느낌을 줘 부담 없이 즐길 수 있다. 2019.7.30,2019.07,07
204,204,2019.07.30.,연합뉴스,"롯데백, 강소백 고량주 '삼국지 에디션' 판매",30일 서울 송파구 롯데백화점 잠실점에서 모델들이 '강소백' 고량주를 홍보하고 있다. 이 고량주는 높은 도수에도 불구하고 끝 맛이 깔끔하고 가벼운 느낌을 줘 부담 없이 즐길 수 있다. 2019.7.30,2019.07,07
205,205,2019.07.30.,연합뉴스,중국 인기 고량주 '강소백' 팝업스토어 오픈,30일 서울 송파구 롯데백화점 잠실점에서 모델들이 '강소백' 고량주를 홍보하고 있다. 이 고량주는 높은 도수에도 불구하고 끝 맛이 깔끔하고 가벼운 느낌을 줘 부담 없이 즐길 수 있다. 2019.7.30,2019.07,07
206,206,2019.07.30.,연합뉴스,"롯데백, 강소백 '삼국지 에디션 패키지' 단독 판매",30일 서울 송파구 롯데백화점 잠실점 팝업스토어에서 모델들이 '강소백' 고량주 '삼국지 에디션 패키지'를 홍보하고 있다. 롯데백화점 단독으로 기획한 이 제품은 삼국지의 인기 캐릭터들과 주요 사건들을 포장에...,2019.07,07
207,207,2019.07.25.,경상일보,[윤범상의 世事雜談(25)]행복총량을 증가시킬 수는 없을까,"한편 나의 친구 한명은 술자리에서 평생 한잔가지고 홀짝 대더니, 지금은 소주, 고량주 닥치는 대로 마셔 재낀다. 부럽게도 그는 나이가 들수록 술이 는다. 그 친구 왈 '평생 음주량 보존의 법칙'이 있단다. 평생에 마시는...",2019.07,07
208,208,2019.07.24.,부산일보,몽골 전통 술은 ‘마유주’ 도로변 ‘성황당 의식’ 눈길,몽골은 중국보다 러시아에 가까운 나라로 술도 고량주 대신 보드카를 즐겨 먹는다. 몽골의 전통 술은 말젖을 발효시켜 만든 마유주다. 몽골 유목민들에게 비타민을 제공하는 원천으로 인기가 높다. 알코올 도수는 3~4도...,2019.07,07
209,209,2019.07.23.,소비자가 만드는 신문,"롯데슈퍼, 값싼 이과두주를 가격표시 없이 연태고량주 값에 판매","부산시 금곡동에 사는 김 모(남)씨는 2개월 전 롯데슈퍼 주류코너에서 연태고량주를 사려고 했으나 가격 표시만 보이고, 진열대에는 북경 이과두주만 자리를 차지하고 있었다. 당시 가격표시에는 연태고량주(125ml) 한 병에...",2019.07,07
210,210,2019.07.08.,이뉴스투데이,[현장] 공항에 여행객 붐비는데 입국장면세점은 ‘텅텅’,직장인 장설영(가명ㆍ28세)씨는 “한국에도 입국장 면세점이 있는 줄 몰랐다”며 “호기심에 가봤는데 술이 많이 싼 편이었고 9500원짜리 옌타이 고량주를 가격에 혹해서 샀다”고 말했다. 입국장면세점은 현재 개점...,2019.07,07
211,211,2019.07.08.,민중의소리,‘젊은이들의 성지’ 익선동에서 만난 독립투사들의 ‘한끼’,"이외에도 오건해 선생과 임시정부 요인들이 만주의 추운 겨울에 고량주와 함께 곁들여 먹었던 ‘홍써(돼지고기와 청경채)’, 독립운동가에 자금을 보내느라 형편이 넉넉지 않았던 김용환 선생이 의용대를 싼값에...",2019.07,07
212,212,2019.07.04.,공감신문,"무더운 여름, 고소한 양꼬치에 시원한 맥주 한잔…동인천 신포동 맛집 '별미양...","칭따오 외에도 하얼빈 맥주와 고급주류인 연태고량주, 공부가주, 설원 등을 갖춰 양꼬치와 함께 즐길 수 있다. 가게는 1층과 2층으로 이뤄져 있으며 최대 50명까지 수용할 수 있다. 영업시간은 평일 오후 3시부터 자정까지로...",2019.07,07
213,213,2019.07.04.,뉴스핌,[뉴스핌 뉴스레터] 차이나 뉴스브리프 4일,"훨훨나는 고량주 산업 ▲ [인물] IPO 앞둔 '중국판 다이소' 미니소 예궈푸 CEO▲ [최헌규의 금일중국] 무역전쟁 중국 강대강전략 통했다, 한국경제는... 등이 담겼습니다.",2019.07,07
214,214,2019.07.04.,법률신문,"[판결](단독) ‘연태고량주’ 병, 상품표지로서 주지성 있다",(산동연태유한공사) '연태고량주'의 독특한 병 모양이 상품표지로서의 주지성을 인정받았다. 이에 따라... <왼쪽> A사가 판매하는 고량주 250㎖ 병 <오른쪽> B씨가 판매하는 고량주 250㎖ 병. A사 대표인 C씨는 2003년부터...,2019.07,07
215,215,2019.07.04.,뉴스핌,[업종분석] 생활소비품 2위 시장. 훨훨나는 고량주 산업,"지난달 27일 중국 백주(白酒,고량주) 업종 대표종목 귀주모태(貴州茅台 구이저우마오타이)가 장중한때 1000위안을 돌파하고, 7월 1일 1000위안대로 장을 마감하면서 '대망의 A주 1000위안 시대'가 열렸다. 이날 고량주 업종...",2019.07,07
216,216,2019.07.03.,서울와이어,"인천문학경기장식자재마트 2층 영주셀프한우, 소고기를 저렴하게","등심, 살치살 등 각 부위별로 판매 중이며, 구이용 버섯도 따로 판매하고 있다. 주류 역시 다양한 맥주종류와 소주, 막걸리, 청하, 고량주 등이 있다. 주차는 3시간 무료이며, 자세한 정보는 대표번호로 확인할 수 있다.",2019.07,07
217,217,2019.07.03.,머니S,"목표전환형펀드, '해외'로 눈 돌려라",주요 포트폴리오에 ▲중국 고량주 제조업체 구이저우마오타이 ▲중국 최대 입시학원 업체 탈에듀케이션그룹 ▲중국 전자상거래 대기업 알리바바그룹 홀딩스 등을 담고 있다. 주요 업종은 미분류를 제외한...,2019.07,07
218,218,2019.07.01.,에이빙뉴스,"[SIWS 2019 영상]이빈량로주업 유한공사, 숙취 없는 신기한 술 '량로' 그 부드...",있는 고량주 '량로'를 선보였다. 콤팩트한 디자인과 강력한 빨간색으로 시선을 끄는 '량로'는 특허받은 신기술로 제작되어 고량주 중 비교적 낮은 31도의 도수로 부드럽고 청량한 맛이 장점이다. 또한 중국의 3대 명주에...,2019.07,07
219,219,2019.07.01.,딴지일보,[산하의 오책]보릿물 안 개구리를 넘어,중국 빼갈도 왕년에 짬뽕 국물과 곁들여 먹던 박카스 병보다 조금 큰 대만 고량주나 요즘 먹는 옌타이나 마오타이 차이를 확연히 느끼지는 못한다. 그런데 요즘 맥주에 대해서는 생각이 달라졌다. 맛있는 맥주가 별안간...,2019.07,07
220,220,2019.07.01.,단디뉴스,[황규민의 먹고싸는 얘기] 내가 커피를 맛보고 이해하고 소비하는 방식,"생각나는 대로 나열해보면 소주, 맥주, 막걸리, 와인, 위스키, 꼬냑, 사케, 고량주 등 술의 종류는 수도 없이 많은데 이것은 역사 문화라는 측면과 재료의 다양성, 제조방식, 사용한 효모 등 때문이다. 농업과 함께 시작된...",2019.07,07
221,221,2019.07.01.,에이빙뉴스,"[SIWS 2019 영상]이빈량로주업 유한공사, 숙취 없는 신기한 술 '량로' 그 부드...",있는 고량주 '량로'를 선보였다. 콤팩트한 디자인과 강력한 빨간색으로 시선을 끄는 '량로'는 특허받은 신기술로 제작되어 고량주 중 비교적 낮은 31도의 도수로 부드럽고 청량한 맛이 장점이다. 또한 중국의 3대 명주에...,2019.07,07
222,222,2019.07.01.,딴지일보,[산하의 오책]보릿물 안 개구리를 넘어,중국 빼갈도 왕년에 짬뽕 국물과 곁들여 먹던 박카스 병보다 조금 큰 대만 고량주나 요즘 먹는 옌타이나 마오타이 차이를 확연히 느끼지는 못한다. 그런데 요즘 맥주에 대해서는 생각이 달라졌다. 맛있는 맥주가 별안간...,2019.07,07
223,223,2019.07.01.,단디뉴스,[황규민의 먹고싸는 얘기] 내가 커피를 맛보고 이해하고 소비하는 방식,"생각나는 대로 나열해보면 소주, 맥주, 막걸리, 와인, 위스키, 꼬냑, 사케, 고량주 등 술의 종류는 수도 없이 많은데 이것은 역사 문화라는 측면과 재료의 다양성, 제조방식, 사용한 효모 등 때문이다. 농업과 함께 시작된...",2019.07,07
224,224,2019.06.29.,이코노뉴스,"중국 고량주 구이저우 마오타이 주가, 27년만에 처음으로 1000위안 장중 돌파",중국의 유명한 고량주 마오타이(茅台)를 생산하는 구이저우 마오타이(貴州茅台)의 주가가 27일 주당 1000위안(16만8200원)을 넘어 중국 증시에서 장중 한때 심리적 저지선을 돌파하며 중국 A주 시장에서 가장 비싼...,2019.06,06
225,225,2019.06.28.,뉴시스,"中 마오타이 주가, 27년만에 처음으로 1000위안 장중 돌파",중국의 유명한 고량주 마오타이(茅台)를 생산하는 구이저우 마오타이(貴州茅台)의 주가가 27일 주당 1000위안(16만8200원)을 넘어 중국 증시에서 장중 한때 심리적 저지선을 돌파하며 중국 A주 시장에서 가장 비싼...,2019.06,06
226,226,2019.06.27.,뉴스핌,"[백주로 엿보는 중국 세상] ① 황하는 하늘에서, 명주는 쓰촨 구이저우에서.....","옛날 민간에서는 수수같은 곡물로 빚었다고해서 고량주(高粱酒), 맑게 만들었다는 뜻으로 바이간(白干)이라는 명칭을 사용했다. 우리가 중국술을 빼갈이라고 부르는 것이 바로 여기에서 유래됐다는 설이다. <2회로 이어짐>",2019.06,06
227,227,2019.06.27.,티티엘뉴스,제34차 KATA·TVA 한-대만 관광교류회 본격 막 올라,"▲제34차 KATA/TVA 한-대만 관광교류회의 환영만찬에서 대만 고량주를 자랑하고 있는 저우용휘 대만교통부 관광국장 저우 국장은 타이완과 한국은 지리적으로 인접해 있으며, 문화적으로 많은 유사점을 갖고 있다며...",2019.06,06
228,228,2019.06.26.,김해뉴스,"시원한 맥주의 계절, 통풍 환자는 괴롭다","맥주는 퓨린 함량이 높아 급격한 혈청요산의 증가를 유발하므로 가장 피해야 할 술 이지만, 맥주 이외에 퓨린 함량이 적은 소주나 막걸리, 위스키, 꼬냑, 고량주, 포도주, 과일주 등도 섭취한 알코올의 양에 비례하여...",2019.06,06
229,229,2019.06.25.,동양일보,'청풍수수' 11년 만에 국립종자원 품종 등록,특히 일반 찰수수와 달리 술 발효 시 결정이 달라붙지 않고 발효제(누룩 등)와 수수 입자가 고루 접촉해 발효 효율이 높은 특성 때문에 고량주 등 술 원료로 제격이다. 농기원은 이 같은 장점을 살려 지난 2월 고량주...,2019.06,06
230,230,2019.06.24.,치과신문,모아치과그룹 中 청도서 경영콘서트,"이후 청도의 독일 조계지역, 항일유적, 고량주공장 등을 관람하는 등 문화탐방 시간도 가졌다. 이 밖에 참가자들은 중국의 항일운동이자 반제국주의, 반봉건주의 혁명인 5.4운동의 도화선이 된 청도를 기념하는 오사광장...",2019.06,06
231,231,2019.06.24.,에이빙뉴스,"[SIWS 2019 영상] 장샤오바이 코리아, 젊은 취향 순수하고 깔끔한 입맛 충칭 ...",장샤오바이코리아는?6월 20일(목)부터 6월 22일(토)까지 코엑스에서 열리는 '2019 서울 국제 주류박람회'에 참가해 순수하고 깔끔한 맛을 선호하는 젊은 취향의 충칭 고량주 '강소백(江小白)'을 선보였다. '강소백(江小白)...,2019.06,06
232,232,2019.06.24.,경기도민일보,"'뭉쳐야 찬다' 허재, 거침없는 입담...""안정환 감독은 근심 가득""","출연 섭외를 받고 제작진과의 미팅에서 고량주 6병을 마셨다고 한다. 허재는 ""취한 김에 (섭외를) 허락했다. 점심 때 중식당에서 만났는데 또 중식당이네""라며 너스레를 떨었다. 정형돈은 ""허재와...",2019.06,06
233,233,2019.06.21.,한국영농신문,"수수농사의 경쟁력, 가공에서 찾아야","이와 같은 장점을 살려 금년 2월 고량주 제조업체와 통상실시를 체결하고 제천, 괴산 등에서 계약재배를 통해 기존의 찰수수 위주의 수수 시장을 메수수까지 확대 하면서 '청풍수수'의 판로를 다양화하고 있다. 도...",2019.06,06
234,234,2019.06.21.,농업경제신문,"청풍수수, 국립종자원 품종 등록... 키작아 기계수확 적합·수확량↑","이와 같은 장점을 살려 금년 2월 고량주 제조업체와 통상실시를 체결하고 제천, 괴산 등에서 계약재배를 통해 기존의 찰수수 위주의 수수 시장을 메수수까지 확대 하면서 ‘청풍수수’의 판로를 다양화하고 있다. 도...",2019.06,06
235,235,2019.06.19.,충청일보,'청풍수수' 국립종자원 품종 등록,"도 농업기술원은 이 같은 장점을 살려 지난 2월 고량주 제조업체와 통상 실시를 체결했다. 제천, 괴산 등에서 계약 재배를 하고 있다. 충북농기원 관계자는 ""떡의 재료로 이용되는 찰수수와 달리 메수수인 청풍수수는...",2019.06,06
236,236,2019.06.19.,충청타임즈,충북도농기원 `청풍수수' 품종 보호권 획득,"도 농업기술원은 이 같은 장점을 살려 지난 2월 고량주 제조업체와 통상 시행을 체결했다. 제천, 괴산 등에서 계약 재배를 하고 있다. 충북도 농업기술원 관계자는 ""떡의 재료로 이용되는 찰수수와 달리 메수수인...",2019.06,06
237,237,2019.06.19.,에이빙뉴스,"[SIWS 2019]장샤오바이, 깔끔한 입맛의 충칭 고량주 ""강소백""","장샤오바이 코리아(대표 임남식)이 오는 6월 20일(목)부터 22일(토)까지 코엑스에서 열리는 서울 국제 주류 박람회에 참가해 순수하고 깔끔한 입맛의 충칭 고량주 ""강소백""을 선보인다. 중국 충칭 지역의 대표 고량주...",2019.06,06
238,238,2019.06.19.,뉴시스,'청풍수수' 국립종자원 품종 등록…충북농기원 육성 11년만에 결실,"도 농업기술원은 이 같은 장점을 살려 지난 2월 고량주 제조업체와 통상 실시를 체결했다. 제천, 괴산 등에서 계약 재배를 하고 있다. 충북도 농업기술원 관계자는 ""떡의 재료로 이용되는 찰수수와 달리 메수수인...",2019.06,06
239,239,2019.06.19.,브릿지경제,"충북농업기술원, ‘청풍수수’품종 등록","도농업기술원은 이와 같은 장점을 살려 지난 2월 고량주 제조업체와 통상실시를 체결하고 제천, 괴산 등에서 계약재배를 통해 기존의 찰수수 위주의 수수 시장을 메수수까지 확대 하면서 ‘청풍수수’의 판로를...",2019.06,06
240,240,2019.06.19.,뉴스1,‘청풍수수’ 11년만에 국립종자원 품종 보호권 획득,"특히 일반 찰수수와 달리 달라붙지 않는 특성 때문에 고량주 등 술 원료로 제격이다. 도는 이런 장점을 살려 지난 2월 고량주 제조업체와 통상 실시를 체결하고 제천, 괴산 등에서 계약재배를 하고 있다. 농업기술원...",2019.06,06
241,241,2019.06.18.,스타데일리뉴스,"'설원' 고량주, 흑룡강성 출신 중국동포 체육대회 후원 ""다양한 소통과 교류 ...", 설원(雪原) 고량주가 후원하는 '제1회 설원컵 중흥촌 체육대회'가 열렸다. 지난 5일 서울 영등포구... 이번 대회는 국내에서 유통되는 '설원' 고량주가 후원사로 나섰다. '설원'이 해림시에서 생산되고 있어 이곳 출신...,2019.06,06
242,242,2019.06.18.,제주교통복지신문,‘뭉쳐야 찬다’ 방송에서 허재는 저녁에 만나면 술을...,"허재 감독은 13일 방송된 JTBC 뭉쳐야찬다에 출연해 제작진과 고량주 6병을 마신 끝에 첫 예능프로그램 출연을 술기운에 수락했다고 전했다. 방송에는 허재 감독을 비롯해 안정환, 이만기, 양준혁, 이봉주, 여홍철, 심권호...",2019.06,06
243,243,2019.06.18.,내외뉴스통신,"'뭉쳐야 찬다' 허재, 거침없는 입담과 호탕한 성격에 안정환 동공지진","출연 섭외를 받고 제작진과의 미팅에서 고량주 6병을 마셨다고 한다. 허재는 ""취한 김에 (섭외를) 허락했다. 점심 때 중식당에서 만났는데 또 중식당이네""라며 너스레를 떨었다. 정형돈은 ""허재와...",2019.06,06
244,244,2019.06.17.,단디뉴스,[김석봉의 산촌일기] 세상에서 장가를 가장 잘든 사람,"마시다 남겨두었던 양주와 고량주, 소주, 맥주를 내왔다. 이웃들은 즐거워했고, 모든 음식을 남김없이 해치웠고, 급기야 자장면내기 화투치기가 이어졌다. 면소재지 중국집에서 자장면 일곱 그릇과 우동 세 그릇을 배달해...",2019.06,06
245,245,2019.06.17.,시사매거진,'뭉쳐야 찬다' 이날 허재는 예능 출연 이유가...,"이날 허재는 예능 출연 이유가 제작진과 고량주 6병을 마신 끝에 출연을 결정하게 됐다고 밝혔다. 이어 선동열 감독과 술 메이트임을 밝혔다. 한편 이날 허재는 안정환, 이만기,허재, 진종오, 심권호, 양준혁, 여홍철...",2019.06,06
246,246,2019.06.17.,부산제일경제,'뭉쳐야찬다' 이날 허재는 예능은 처음이라는 사실을...,"이날 허재는 예능은 처음이라는 사실을 밝히며 ""제작진과 고량주 6병을 마신 끝에 출연을 결정하게 됐다""고 말해 웃음을 자아냈다. 정형돈은 ""허재 감독에겐 질문하기 조심스럽다. 잘못 질문하면 혼날 것 같다""고 말했다....",2019.06,06
247,247,2019.06.15.,시민일보,"'뭉쳐야 찬다' 허재, 거침없는 입담으로 안정환마저 긴장","출연 섭외를 받고 제작진과의 미팅에서 고량주 6병을 마셨다고 한다. 허재는 ""취한 김에 (섭외를) 허락했다. 점심 때 중식당에서 만났는데 또 중식당이네""라며 너스레를 떨었다. 정형돈은 ""허재와 인터뷰하기 어려운 게...",2019.06,06
248,248,2019.06.14.,경북신문,`뭉쳐야 찬다` 허재 ˝고량주 먹고 술기운에...˝ 깜짝 고백,이어 그는 “제작진과 고량주 6병을 마신 끝에 첫 예능프로그램 출연을 술기운에 수락했다”고 밝혀 놀라움을 자아냈다.실제 허재의 주량은 며칠씩 과음하며 놀라운 주량을 자랑한다. 김동광 감독은 소주 주량이...,2019.06,06
249,249,2019.06.14.,국제신문,‘뭉쳐야 찬다’ 허재 “감독도 잘못하면 말해야지” 안정환 긴장,허재는 낯엔 제작진과 만났는데 “고량주 6병 먹고 취기에 허락했다”고 밝혔다.정형돈도 허재 감독님 인터뷰 잘못하면 큰일 나거든요 하며 인터뷰 일화를 전했다. 허재는 감독도 잘못하면 “우리도 개기지” 라고 하자...,2019.06,06
250,250,2019.06.14.,국제신문,‘뭉쳐야 찬다’ 허재 “감독도 잘못하면 말해야지” 안정환 긴장,허재는 낯엔 제작진과 만났는데 “고량주 6병 먹고 취기에 허락했다”고 밝혔다.정형돈도 허재 감독님 인터뷰 잘못하면 큰일 나거든요 하며 인터뷰 일화를 전했다. 허재는 감독도 잘못하면 “우리도 개기지” 라고 하자...,2019.06,06
251,251,2019.06.14.,스타뉴스,"""레전드 허당미X허재 입담""..'뭉쳐야 찬다' 출발이 좋다[★FOCUS]","특히 허재는 ""제작진과의 미팅에서 고량주 6병을 마시고 취한 김에 출연했다""고 상세한 TMI를 밝히는가 하면, 스포츠 레전드들의 모임에 ""각 분야에선 최고들인데 축구팀으로썬 최악""이라고 자체 독설을 했다. 하지만 첫...",2019.06,06
252,252,2019.06.14.,머니S,"'뭉쳐야 찬다' 허재, 농구대통령 이어 예능신 타이틀 획득","이날 예능은 처음이라고 밝힌 허재는 ""제작진과 고량주 6병을 마신 끝에 출연을 결정하게 됐다""고 말해 방송 초반부터 화기애애한 분위기를 만들었다. 이어 정형돈이 ""허재 감독에겐 질문하기 조심스럽다. 잘못 질문하면...",2019.06,06
253,253,2019.06.14.,엑스포츠뉴스,"'뭉쳐야 찬다' 허재, 中 기자 무개념 질문에 분노한 이유[엑's PICK]","출연 섭외를 받고 제작진과의 미팅에서 고량주 6병을 마셨다고 한다. 허재는 ""취한 김에 (섭외를) 허락했다. 점심 때 중식당에서 만났는데 또 중식당이네""라며 너스레를 떨었다. 정형돈은 ""허재와 인터뷰하기 어려운 게...",2019.06,06
254,254,2019.06.14.,OSEN,"'뭉쳐야찬다' 허재, #예능신생아 #농구감독→골키퍼 #회식러버 [어저께TV]","이날 허재는 예능은 처음이라는 사실을 밝히며 ""제작진과 고량주 6병을 마신 끝에 출연을 결정하게 됐다""고 말해 웃음을 자아냈다. 정형돈은 ""허재 감독에겐 질문하기 조심스럽다. 잘못 질문하면 혼날 것 같다""고 말했다....",2019.06,06
255,255,2019.06.14.,매일경제,"대륙의 향을 품다, 바이주","국내의 대중적인 소비자들은 바이주와 고량주를 흔히 혼용해 쓰는데, 고량(高粱)은 바이주의 주요 재료인 수수를 가리키는 말이므로 엄밀히 따지면 바이주가 모두 고량주는 아니다. 중국 바이주를 만드는 데 쓰이는...",2019.06,06
256,256,2019.06.14.,미디어펜,"'뭉쳐야 찬다' 허재 ""중국 기자회견 중단 이유? 짜증+모욕감""","'뭉쳐야 찬다' 제작진과 미팅 당시 고량주 6병을 마셨다는 허재. 그는 ""취기로 출연을 OK 한 거다""라며 농구계 대통령의 첫 예능 고정 출연을 알렸다. 허재는 후배인 안정환 감독의 지시를 따를 수 있냐는 질문에 ""일단...",2019.06,06
257,257,2019.06.14.,중부일보,"'뭉쳐야 찬다' 허재, 예능 출연 이유 알고보니 ""제작진과 고량주 6병 마시고 ...","이날 방송에서 허재는 예능 출연 이유에 대해 ""제작진과 고량주 6병을 마신 끝에 출연을 결정하게 됐다""고 말했다. 이어 허재는 ""저녁에 만나면 술을 할까봐 미팅 당시 낮에 중식당에서 만났는데 첫 촬영도 중식당이네...",2019.06,06
258,258,2019.06.14.,한국일보,"‘뭉쳐야 찬다’ 허재, 첫 예능 출연 계기가 술 때문?","이날 허재는 예능 출연 이유가 제작진과 고량주 6병을 마신 끝에 출연을 결정하게 됐다고 밝혔다. 이어 선동열 감독과 술 메이트임을 밝혔다. 한편 이날 허재는 안정환, 이만기,허재, 진종오, 심권호, 양준혁, 여홍철...",2019.06,06
259,259,2019.06.14.,톱스타뉴스,"[★픽] '뭉쳐야 찬다' 허재, 안정환 당황시킨 솔직함 '제작진 미팅때 고량주 ...",김용만은 ''(허재가) 출연 섭외를 받고 제작진과 만났을 때 고량주 6병을 마셨다고 하더라''고 전했다. 이에 허재는 ''취한 김에 여기 오케이 한 거다. 저녁에 만나면 술을 한잔 할까봐 낮에 점심에 만났는데 또 중식당이다...,2019.06,06
260,260,2019.06.14.,경남매일신문,"고량주 6병 취기에 출연 결정한 허재… '술' 지구력, 소주 60병 주량 대항 가...","13일 방송된 JTBC '뭉쳐야찬다'에 출연한 허재 감독은 제작진과 고량주 6병을 마신 끝에 첫 예능프로그램 출연을 결정하게 된 것 같다고 밝혔다. 술기운에 수락했다는 것. 허재는 ""저녁에 만나면 술을 할까봐 (미팅 당시)...",2019.06,06
261,261,2019.06.13.,이투데이,"허재, 고량주 6병에 출연 결정? 소주 60병 주량 대적 가능한 지구력",허재는 13일 방송된 JTBC ‘뭉쳐야찬다’에 출연해 제작진과 고량주 6병을 마신 끝에 첫 예능프로그램 출연을 결정하게 된 것 같다고 밝혔다. 술기운에 수락했다는 것. 허재는 “저녁에 만나면 술을 할까봐 (미팅 당시)...,2019.06,06
262,262,2019.06.08.,축산신문,‘정희’ 이하이는 술이 마시고 싶으면 누구를...,"소주나 와인도 좋아하고 고량주도 좋아한다. 맥주같이 탄산이 들어간 술은 더 빨리 취해서 잘 못 먹겠다""고 전했다. 선우정아는 ""저도 와인이 잘 맞는다. 어떤 때는 이 와인이 제 몸에 원래 있던 거 아닌가 싶을 정도로 잘...",2019.06,06
263,263,2019.06.07.,한국경제TV,"中 양조대가 ""명냥, 수정방과 비교불가""","아직까지는 연태 고량주가 한국 내 중국 전통주 시장을 선점하고 있지만 향후 3~5년 안에 명냥을 필두로 고급... 그마저 5%는 연태 고량주가 차지하고 있습니다. 심 총괄양조사는 ""'명냥'은 국제화를 위해 개발된 고급...",2019.06,06
264,264,2019.06.06.,마이데일리,"'주유천하2' 차오루X이연복X박준우, ""감탄사 자아내는 2,300년된 홍야동""","야경을 즐기면서 가볍게 맥주 한잔하자고 제안했다. 한편 이날 예고편에서는 차오루, 이연복, 박준우가 술의 고장 엔타이에서 고량주를 맛보는 모습이 그려졌다. [사진 = 중화TV '주유천하2' 방송 화면] (박지완 객원기자 )",2019.06,06
265,265,2019.06.05.,내외경제tv,"동인천 신포동 맛집 '별미양꼬치', 2+1 이벤트로 즐기는 칭따오와 양꼬치의 환...","칭따오 외에도 하얼빈 맥주와 고급주류인 연태고량주, 공부가주, 설원 등을 갖춰 양꼬치와 함께 즐길 수 있다. 가게는 1층과 2층으로 이뤄져 있으며 최대 50명까지 수용할 수 있다. 영업시간은 평일 오후 3시부터 자정까지로...",2019.06,06
266,266,2019.06.05.,헤럴드POP,"[POP이슈]'정희' 이하이, '누구 없소'로 3년만 컴백..입담도 라이브도 퀸(ft....","소주나 와인도 좋아하고 고량주도 좋아한다. 맥주같이 탄산이 들어간 술은 더 빨리 취해서 잘 못 먹겠다""고 전했다. 김신영이 ""안주는 뭐로 먹냐""고 묻자 이하이는 ""저는 물에 와인을 많이 마신다. 와인 한 잔에 물 한 잔을...",2019.06,06
267,267,2019.06.05.,한국일보,"‘정희’ 이하이, “와인 한 잔에 물 한 잔을 마신다”","소주나 와인도 좋아하고 고량주도 좋아한다. 맥주같이 탄산이 들어간 술은 더 빨리 취해서 잘 못 먹겠다""고 언급했다. 한편, 이하이가 출연한 ‘정오의 희망곡 김신영입니다’는 매일 오후 12시에 방송된다.",2019.06,06
268,268,2019.06.05.,뉴스엔,"“첫 소절에 끝” 이하이X선우정아, 괜히 라이브 장인 아니네(종합)","이하이는 ""소주, 와인, 고량주를 좋아한다. 물을 안주로 와인을 마신다. 그런데 탄산이 있는 맥주는 잘 못 마신다""고 덧붙였다. 선우정아는 한 달 내내 주구장창 먹을 수 있는 음식으로 '올리브오일'을 꼽았다. 선우정아는...",2019.06,06
269,269,2019.06.05.,헤럴드POP,"'정희' 이하이 ""혼술이 편안해..좋아하는 주류는 독주""","소주나 와인도 좋아하고 고량주도 좋아한다. 맥주같이 탄산이 들어간 술은 더 빨리 취해서 잘 못 먹겠다""고 전했다. 선우정아는 ""저도 와인이 잘 맞는다. 어떤 때는 이 와인이 제 몸에 원래 있던 거 아닌가 싶을 정도로 잘...",2019.06,06
270,270,2019.06.05.,KBS언론사 선정,[탐사K] 성접대·성매매 정황 문자 공개…오락가락 해명에 거짓말까지,연태고량주에 돼지고기 어떠세요 파트너 각자 지참 2016-03-24 13:31:15 중개인... 오랜만에 중식 연태고량주는 어떠신지요? 2016-06-08 10:16:20 최상주 좋아요 섹시한여자 2016-06-08 10:20:34 최상주...,2019.06,06
271,271,2019.06.05.,헤럴드경제,[주세 체계 개편]‘소비자 패싱’ 개편…외면받은 건강권ㆍ선택권,"소주를 비롯해 와인, 고량주, 사케 등 나머지 주류는 현 종가세를 유지해 출고 가격을 기준으로 세금이... 소주를 적게 마시더라도 와인, 사케, 고량주 등 다양한 술을 마시고 싶다는 요구도 받아들여지지 않았다. 화요...",2019.06,06
272,272,2019.06.04.,한국경제언론사 선정,50년 만의 주세 개편…캔·수제맥주 '웃고' 생맥주 '울고',"당초 알코올 도수 21도가 넘는 증류식 소주, 위스키, 브랜디, 고량주, 보드카, 리큐어 등은 오히려 세부담이 줄어들 것으로 추정됐다. 그러나 이번 종량세 기준을 적용하면 서민들이 가장 즐겨찾는 알코올 도수 15~20도...",2019.06,06
273,273,2019.05.31.,연합뉴스,우량예 갈라 디너 행사,지난 30일 서울 중구 중식당 '홍복'에서 중국 고급 고량주 브랜드 우량예(五糧液) 갈라 디너 행사가 진행되고 있다. 2019.5.31,2019.05,05
274,274,2019.05.31.,연합뉴스,우량예 갈라 디너 행사,지난 30일 서울 중구 중식당 '홍복'에서 중국 고급 고량주 브랜드 우량예(五糧液) 갈라 디너 행사가 진행되고 있다. 2019.5.31,2019.05,05
275,275,2019.05.31.,연합뉴스,우량예 갈라 디너 행사,지난 30일 서울 중구 중식당 '홍복'에서 중국 고급 고량주 브랜드 우량예(五糧液) 갈라 디너 행사가 진행되고 있다. 2019.5.31,2019.05,05
276,276,2019.05.31.,매일신문,'맛있는 녀석들' 김준현이 찾은 대구 냉면집은? 부산안면옥!!,"'냉면을 좋아하는 사람들' 이승로 회장(수성고량주 대표)은 ""매년 4월 1일이면 냉면 동호인들과 부산안면옥을 찾는다""며 ""먹신 김준현과 함께 냉면을 맛보니 더욱 새로운 맛이 난다""고 말했다. 전국 유명 냉면의 발자취를...",2019.05,05
277,277,2019.05.30.,더뮤지컬,"[SPOTLIGHT] <니진스키> 조성윤, 즐겁지만 진지하게 [No.188]","정확히는 중국술 수정방이란 고량주를 마셨죠. 하지만 알코올 도수 높은 술, 그게 위스키 아닌가요. 하하! 그날 저랑 원영이랑 (이)창용이 이렇게 셋이 마셨던 건데, 조만간 다시 진짜 위스키 한잔하자 그랬어요. 요즘 저희가...",2019.05,05
278,278,2019.05.30.,국제뉴스,한경록의 '종로콜링 2019' 2차 라인업 공개!,또한 올해는 협찬사로 브로이하우스 바네하임과 수성고량주가 합류하여 더욱 즐거운 페스티벌을 만들어 줄 예정이다. 새로운 모습으로 만날 <종로콜링 2019>는 작년보다 더욱 풍성하고 다채로워진 모습으로 인디...,2019.05,05
279,279,2019.05.30.,브릿지경제,"[비바100] ""양심으로 빚은 '명냥'… 빛·향·맛 순서로 세번 즐기세요""","고량주가 가장 많이 판매되고 있다. 하이엔드급 백주로는 수정방과 마오타이, 우량예 등과 함께 중국 8대 명주로 꼽히는 양하대곡과 중국 귀주성 10대 명주인 백년호도 등이 국내에 선보이고 있다. 아직까지는 연태고량주...",2019.05,05
280,280,2019.05.29.,하퍼스바자,향수 마니아들에게 A등급 받은 신상 향수는?,"상남자 느낌이 나요.""_메이크업 아티스트 구현미""고량주같아요. 처음에는 '윽'하고 독했는데 나중에는 과일향이 휘~ 하고 나는!""_비디오 아티스트 정동현""코 끝을 찌른다? 이런 표현이 생각나는 향수에요. 오렌지 향과...",2019.05,05
281,281,2019.05.29.,뉴스핌,"중국 고량주 가격 고공행진, 투자 수익률 주식 부동산 뛰어넘어",중국 고급 고량주 가격이 급등세를 이어가고 있다. 고량주 가격의 가파른 상승에 '고량주 투자'가 주식과 부동산 투자보다 수익률이 뛰어나다는 이야기마저 나오고 있다. 정취안스바오(證券時報) 등 복수의 중국 매체에...,2019.05,05
282,282,2019.05.28.,스타데일리뉴스,"[영상] 가수 비파, '설원' 고량주 CF 발탁... 섹시 발랄 댄스로 시선 강탈",비파는 '설원'(雪原) 고량주 모델로 발탁돼 몸매가 돋보이는 레깅스 패션으로 배경음악 CM에 맞춰... 한편 '설원' 고량주는 최고 시청률을 기록중인 KBS2 주말드라마 '세상에서 제일 예쁜 내 딸'에 등장하는 등 방송...,2019.05,05
283,283,2019.05.28.,뉴스엔,"강시라, 구도쉘리 말투 따라잡기 “마라탕 맛, 아시겠냐구요”[SNS★컷]","사진 속엔 마라탕과 고량주가 있다. 그는 ""구도쉘리 중독성갑. 마라탕 혀느낌 이상 뒤돌아보면 다시 생각나는 맛. 아시겠냐구요""라고 덧붙이며 유튜버 구도쉘리의 말투를 재치있게 따라해 웃음을 자아냈다....",2019.05,05
284,284,2019.05.28.,일요시사,'국회는 지금…' 여의도 술 문화 에피소드,<기사 속 기사> 손학규와 연태고량주 바른미래당(이하 바미당) 이준석 최고위원이 같은 당 손학규 대표가... 연태고량주 드시고 음주상태로 긴급 의총에 가서 단식 결의하신 일이 없는지 대표직을 걸고 답하시라고 물어보면...,2019.05,05
285,285,2019.05.27.,경인일보,소갈비찜부터 육회밀면까지 남다른 양념장 비법 눈길 '오직하누2114',"주인장은 소갈비찜 비법으로 고량주를 소개했으며, ""저희는 두 번 삶는데 1차로 삶을 때는 오래 삶을 수 없다. 그래서 휘발성이 강한 고량주로 단시간에 빨리 삶는다""라고 설명했다.  두 번째로는 매운 양념장을...",2019.05,05
286,286,2019.05.27.,셀럽미디어,"'2TV생생정보' 용인 소갈비찜+육회밀면 맛집 '눈길'…""육회밀면 처음 봐""","사장님이 공개한 소갈비찜의 비법 하나는 바로 고량주였다. 사장님은 ""저희는 두 번을 삶는데 1차로 삶을 때는 오래 삶을 수 없다. 그래서 휘발성이 강한 고량주로 단시간에 빨리 삶는 것""이라고 말했다. 두 번째 비법은...",2019.05,05
287,287,2019.05.24.,뉴데일리,"'명냥' 만든 심재홍 노주노교 총괄양조사 ""한국인 입맛 사로잡을 것""","심 이사장은 한국 주류시장에서 백주(고량주)의 성장 가능성에 대해 높게 평가했다고 전했다. 실제로... 2018년 기준 전체 수입 주류 중 고량주(백주)의 수입 중량은 약 1.2%, 수입 금액은 약 2.7%다. 그는 “한국에서 백주는...",2019.05,05
288,288,2019.05.22.,YTN,"""나이 들면 정신 퇴락"" vs ""예의 지켜야""...바른미래당, 내홍의 끝은?",왜냐하면 나이가 들면 그 정신이 퇴락하기 때문이죠.] [이준석 / 바른미래당 최고위원 : (대표님이) 저랑 연태고량주 드시고 음주 상태로 긴급 의총에 가셔서 단식 결의하신 일이 없는지 물어보면 됩니다. 대표직 걸고...,2019.05,05
289,289,2019.05.22.,시사위크,[바른미래당 폭로전] 이준석 '음주유세' 이어 손학규 '음주의총'?,"그는 ""손 대표가 지난해 12월 6일 국회에서 열린 바른토론배틀이 끝나고 참가자들 및 당직자들과 술을 한잔씩 하자고 했다""며 ""연태고량주를 드시고 음주 상태로 긴급 의원총회에 참석하셔서 단식 선언을 하지 않았느냐""고...",2019.05,05
290,290,2019.05.22.,뉴데일리,"손학규 향해 ""나이 먹어 정신 퇴락""…막가는 바른미래",손 대표가 지난해 12월 단식투쟁을 선언하기 직전 '연태' 고량주를 마신 상태였다는 것이다. 전날 손 대표의 측근인 전·현직 당직자들이 이 최고위원을 향해 보궐선거 기간 ‘음주유세’를 했다고 공격한 데 대해 보복성...,2019.05,05
291,291,2019.05.22.,뉴스핌,"[종합] ""나이들면 정신 퇴락한다""…비난전으로 치닫는 바른미래당","이준석 최고위원은 22일 회의에서 ""이런 식이면 저도 손 대표님 발언할때 그만하라""고 하면서 ""선거제 개혁을 위해 단식하시기 직전에 저랑 중국음식점에 가서 연태고량주를 마시고 음주 상태에서 의총에 가셨던 것 말할...",2019.05,05
292,292,2019.05.22.,뉴시스언론사 선정,"하태경 ""나이 들면 정신 퇴락""…손학규 ""지켜야 할 예의 있다""","그는 자신의 결백함을 주장하며 ""앞뒤를 잘라서 공격할 것 같으면 손 대표는 큰 정치적 결단이었던 단식 전에 고량주를 드시고 음주 상태에서 긴급 의총에 가셔서 단식 결의하신 일이 없는지 물어봐도 되지 않나. 당시 제...",2019.05,05
293,293,2019.05.21.,YTN,다시 '독재자' 공방...국회정상화 희망(hope) 보이나?,그런데 너무 좀 섭섭해하시지 말고 시간을 가지고 2당이 모이고 짜장면 회동했고 3당이 맥주 회동 했으니 이제 조만간 또 5당이 탕수육 모임을 하시든지 또는 고량주 모임을 하시든지 갈 수 있다고 보이거든요. 그래서 한...,2019.05,05
294,294,2019.05.21.,스포츠동아,김지현과 우승 선물 굴착기…고량주와 살아 있는 한우도 부상으로,2009년 오리엔트 차이나 레이디스오픈에서 12번 홀의 홀인원 선물로 금문고량주가 나왔다. 당시 중국골프협회는 홀인원 선수에게 몸무게만큼의 금문고량주를 준다고 했다. 임지나가 홀인원을 기록했고 프로필에 나온...,2019.05,05
295,295,2019.05.20.,메디컬투데이,[흔들리는 국산 맥주②] 한국으로 손 뻗은 중국 맥주들,"그 동안 국내 공식 수입돼 유통된 중국술은 이과두주, 칭다오 맥주, 공부가주, 연태고량주 등 에 불과했으나 이제는 더 다양한 중국술을 만나볼 수 있게 돼 소비자 입장에서는 반길 일이지만 국내 맥주 업계에는 그리...",2019.05,05
296,296,2019.05.19.,싱글리스트,뻔한 조합은 가라! '뜻밖의 와인케미' 레스토랑에 주목,"각 매장 내에 오픈 바가 배치돼 있으며 와인, 맥주, 칵테일, 고량주 등 폭넓은 주류 메뉴를 구비했다. 또한 피에프창은 '미국요리엔 맥주, 중국요리에는 고량주'라는 보편적 인식과 달리 레드, 화이트, 스파클링 등 종류별...",2019.05,05
297,297,2019.05.17.,코인리더스,가장 가치 있는 중국 브랜드는 '알리바바',상위 10위권에 진입한 브랜드로는 △ 중국의 대표 IT기업 텐센트(腾讯) △ 중국 5대 국유은행 중 하나인 공상은행(工商银行) △ 중국 최대 이동통신사 차이나모바일(中国移动) △ 중국 대표 바이주(白酒∙고량주)...,2019.05,05
298,298,2019.05.16.,디지틀조선일보,와인과 의외로 잘 어울리는 안주 판매하는 레스토랑 4곳,"각 매장 내에 오픈 바가 배치되어 있으며 와인, 맥주, 칵테일, 고량주 등 폭넓은 주류 메뉴를 구비하고 있다. 피에프창은 ‘미국요리엔 맥주, 중국요리에는 고량주’라는 보편적 인식과 달리 레드, 화이트, 스파클링 등...",2019.05,05
299,299,2019.05.16.,마켓뉴스,"외식업계, ‘뜻밖의 와인 케미’ 선보이는 레스토랑 눈길!","각매장 내에 오픈 바가 배치되어 있으며 와인, 맥주, 칵테일, 고량주 등 폭넓은 주류 메뉴를 구비하고 있다. 피에프창은 ‘미국요리엔 맥주, 중국요리에는고량주’라는 보편적 인식과 달리 레드, 화이트, 스파클링 등...",2019.05,05
300,300,2019.05.16.,세계일보,"외식업계, 와인과 의외의 찰떡궁합 푸드 선보이는 ‘뜻밖의 와인 케미’ 레스...","각 매장 내에 오픈 바가 배치되어 있으며 와인, 맥주, 칵테일, 고량주 등 폭넓은 주류 메뉴를 구비하고 있다. 피에프창은 ‘미국요리엔 맥주, 중국요리에는 고량주’라는 보편적 인식과 달리 레드, 화이트, 스파클링 등...",2019.05,05
301,301,2019.05.16.,지피코리아,"외식업계, '뜻밖의 와인 케미' 레스토랑 눈길!","각 매장 내에 오픈 바가 배치되어 있으며 와인, 맥주, 칵테일, 고량주 등 폭넓은 주류 메뉴를 구비하고 있다. 피에프창은 '미국요리엔 맥주, 중국요리에는 고량주'라는 보편적 인식과 달리 레드, 화이트, 스파클링 등 종류...",2019.05,05
302,302,2019.05.14.,충청타임즈,경화반점,"시내버스 타기 편하고, 시내 중심에 있어 택지개발로 팽창된 도시에서 누구에게나 공평한 거리로, 탕수육에 소주나 고량주를 한 잔 걸치고 짜장면 한 그릇을 배불리 먹더라도 귀갓길의 부담이 덜하다. 다니던 신문사가...",2019.05,05
303,303,2019.05.14.,하이닥,염증 잡는 미나리의 특별한 효능 6가지,"5L, 소주잔으로 고량주 1잔(독소 제거 목적) - 시든 잎을 떼어낸 미나리를 흐르는 물에 흔들어가며 씻은 뒤 물기를 뺀다. - 냄비에 미나리와 물을 넣고 중불에서 40분 정도 끓인다. - 고량주를 넣고 중불에서 4.5L의 물이 3L가...",2019.05,05
304,304,2019.05.10.,부산일보,"'2TV생생정보' 강릉 명물 채소 크로켓, 금학동 '바로방'… 기다려야제맛","채소 크로켓에는 돼지고기 앞다리살에 고량주, 소금 등을 넣어 간을 한 뒤 양배추, 당근, 양파 등을 넣어 30분간 볶는다. 이어 으깬 삶은 달걀과 달걀을 섞어주면 크로켓의 속재료가 완성된다. 속재료를 넣은 반죽은...",2019.05,05
305,305,2019.05.09.,마이데일리,"'주유천하2' 이연복-박준우 칭찬부른 차오루 요리...""백주와 환상 궁합""",더불어 박준우가 잡화점에서 사온 고량주 3병은 농향형과 청향형의 샤먼이라고 언급했다. 세사람은 사온 백주를 시음하면서 맛표현과 함께 샤먼에 대해 이야기를 나눴다. 또한 박준우와 이연복은 차오루가 만든 요리를...,2019.05,05
306,306,2019.05.08.,서울와이어,"압구정 맛집 '안동갈비', 연예인들도 즐겨 찾는 1++ 한우 참숯구이로 연일 문...","와 함께 최고의 마블링을 자랑하는 한우 1++등심은 14일간 숙성시킨 후 참숯과 토치, 고량주를 이용해 구워내며, 화려한 불 쇼와 함께 즐길 수 있는 뿔뿔등심도 인기 메뉴다. 이에 각종 SNS 및 블로그, 카페 등 커뮤니티에서...",2019.05,05
307,307,2019.05.03.,내외뉴스통신,"대전 한남대 화성양꼬치, 한국인의 입맛에 안성맞춤","다양한 꼬치 종류는 물론 중국 칭다오 맥주, 고량주 백주까지 구비되어 있어 회식, 모임장소로도 일품이다. 사천식 마라훠궈, 양꼬치, 양갈비, 꿔보러우 등 맛있는 음식과 즐기는 행복한 시간. 대전 맛집 화성양꼬치...",2019.05,05
308,308,2019.05.03.,부산일보,소주병에 담겨 있던 부동액 마신 70대 숨져…원인 수사 중,"경찰 관계자는 “동거녀 진술에 따르면 A 씨는 매일같이 소주와 고량주를 섞어 마셨고, 이날 부동액을 소주와 고량주를 섞은 것으로 착각하고 마신 것으로 추정된다”면서 “부동액이 소주병에 담겨 있었던 이유, 실제...",2019.05,05
309,309,2019.05.03.,노컷뉴스,소주병에 든 부동액 마신 70대 병원 치료 중 사망,"경찰은 A씨가 출근할 때 항상 소주와 고량주를 들고 가서 마셨고, 의식을 잃은 날 근무 중 술을 마시고 구토를 하는 등 이상 증세를 보였다는 주변인의 진술 등으로 미뤄 소주병에 들어 있던 부동액을 술로 착각해 마신...",2019.05,05
310,310,2019.04.30.,뉴스핌,[종목 분석] 수익창출 능력 1위 중국 명주 우량예,청명절 전날인 4월 4일 중국 백주(고량주) 상장사인 우량예(五糧液)의 주가가 처음으로 100위안을 돌파했다. 중국 백주업계에서 구이저우마오타이와 함께 G2로 꼽히는 우량예가 '100위안 클럽'에 들어가면서...,2019.04,04
311,311,2019.04.30.,에너지경제,"'동상이몽2' 신동미♥허규, 옷장 속 부부의 '은밀 취미'…양주+고량주多 ""3층...","또한 허규가 벽면 한쪽에 위치한 옷장을 열자 3층 가득 양주와 고량주 등이 즐비돼 있어 '동상이몽 2' 출연진들을 깜짝 놀라게 했다. 이후 두 사람은 휴대용 랜턴을 들고 몰래 부엌으로 잠입, 전자레인지를 돌리며...",2019.04,04
312,312,2019.04.30.,일요시사,"<동상이몽2> 신동미♥허규 부부, 3층짜리 옷장에 '은밀 취미'…""고량주 모음""","또한 그녀는 ""부모님도 여기는 모르신다""라며 방 한편에 몰래 비치해둔 냉장고를 공개했고 이어 벽면 한쪽에 위치한 옷장을 열자 3층 가득 양주와 고량주들이 빼곡히 줄을 서있어 놀라움을 안겼다. 이어 두 사람은 휴대용...",2019.04,04
313,313,2019.04.29.,매경이코노미,뭉칫돈 몰린 인컴펀드-배당주·우선주 투자로 중위험·중수익 추구,"중국 고량주 제조업체 구이저우마오타이(Kweichow Moutai Co Ltd), 평안보험, 텐센트 등이 포트폴리오에 편입 돼 있다. 단, 설정액이 약 36억원으로 다소 규모가 작다. 피델리티자산운용이 판매하는...",2019.04,04
314,314,2019.04.29.,영남일보,[하프타임] 중국 술이 온다,"한국인들에게 알려진 중국 술 브랜드는 칭다오맥주, 하얼빈맥주와 연태고량주 등 소수 브랜드일 듯하다.... 이 가운데 우리에게 가장 친숙한 술은 흔히 ‘고량주’나 ‘배갈’이라 불리는 바이주일 것이다. 바이주는...",2019.04,04
315,315,2019.04.26.,중도일보,[중국 청두 오프로드 下] 100마리 판다와 코를 찌르는 술 '수정방',"중국 전통주, 이런 냄새 처음이야 중국 현지에서 만난 전통주는 고량주 그 이상이었다. 전통 술 양조 공장인 ‘수정방 박물관’은 그 자체가 문화재였다. 옛 양조방식으로 태어나는 전통주 ‘수정방’. 사람의 손길을 거쳐...",2019.04,04
316,316,2019.04.25.,뉴스핌,"귀주모태 주가 훨훨 실적 '껑충' , 중국 안팍 기관들 목표치 잇달아 상향 조정",중국 고량주 업종 대표 종목 귀주모태가 올해 1분기에도 기대 이상의 실적을 냈다. '역주행' 주가 상승세를 지속하는 가운데 우수한 실적이 더해지면서 1000위안대 주가 진입에 대한 기대감이 더욱 높아지고 있다....,2019.04,04
317,317,2019.04.21.,머니S,"""한국애주가 흔들어라""… 중국술의 진격","업계 관계자는 “양꼬치, 마라탕, 훠궈 등 중국 음식이 한국에 보편화돼 있고, 공보가주와 금문고량주 등을 선호하는 한국 소비자가 많다는 점을 고려한 것으로 보인다”다며 “여기에 한중 자유무역협정(FTA)으로...",2019.04,04
318,318,2019.04.19.,스마트경제,"中 주류기업 '노주노교', 신제품 '명냥'으로 韓 공략","제품 패키지에는 중국 유명화가 푸야오(付尧, FUYAO)가 명냥 특유의 감성을 담아 그린 동양화가 활용되었으며, 고량주의 대가이자 중국 국가 무형문화재인 심재홍 선생의 자필 서명 등을 통해 고급스러움을 살렸다....",2019.04,04
319,319,2019.04.19.,한국무역신문,저가 맥주에 백주까지…'중국 술 공습'에 업계도 긴장,또 식문화의 다변화 속에 중국식당을 위주로 백주 가운데 연태고량주의 판매량이 늘고 있는 상황이다. 이 같은 전례를 바탕으로 국내시장에서도 승산이 있을 것이라는 판단을 내린 것으로 보인다는 게 관련업계의...,2019.04,04
320,320,2019.04.19.,뉴시스,저가 맥주에 백주까지…'중국 술 공습'에 업계도 긴장,또 식문화의 다변화 속에 중국식당을 위주로 백주 가운데 연태고량주의 판매량이 늘고 있는 상황이다. 이 같은 전례를 바탕으로 국내시장에서도 승산이 있을 것이라는 판단을 내린 것으로 보인다는 게 관련업계의...,2019.04,04
321,321,2019.04.19.,조선비즈언론사 선정,고량주도 고급화 추세…中 명주 한국 진출 가속화,지난 3년간 중국 고량주 수입량은 줄었지만 수입 금액은 2.6배나 늘었다. 국내 고량주 소비가 저가 위주에서 고가로 바뀌면서 중국 고급 고량주(백주) 업체들의 한국 진출도 이어지고 있다. 19일 관세청에 따르면...,2019.04,04
322,322,2019.04.18.,부산일보,"중국 8대 명주 '노주노교', 신제품 '명냥' 국내 출시","고량주의 대가이자 중국 국가 무형문화재인 심재홍 선생의 자필 서명 등을 통해 고급스러움을 살렸다. 2017년 중국에 출시된 명냥은 베이징, 선전, 상하이, 선천, 석가장, 광저우, 혜주 등 중국 각 지역에서 활발하게...",2019.04,04
323,323,2019.04.18.,뉴스1,"中 주류업체, 韓 시장 눈독 왜?…""한국인 입맛 잡으면 세계서 통한다""","중국 술 브랜드는 그동안 지역 기반의 칭따오, 하얼빈 맥주와 연태고량주 등 소수의 브랜드만 알려져있었다. 특히 칭따오맥주가 '양꼬치엔 칭따오'의 문구로 국내 수입 맥주 시장에서 입지를 굳히자 본격적인 한국 시장...",2019.04,04
324,324,2019.04.18.,조선비즈언론사 선정,"中 4대 명주 '노주노교', 중⋅고급 고량주 소비 높아진 한국 시장 '공략'","10만원이 넘는 중고급 백주(고량주)에 대한 수요가 국내 중국 음식점 등을 중심으로 빠르게 성장하고... 주류업계 관계자는 ""지금도 국내에선 연태고량주나 이과두주가 가장 많이 팔리는 백주이지만 중국 명주 중...",2019.04,04
325,325,2019.04.18.,이투데이,"中 백주 ‘명냥’, ""한국 시장에서 2년내 '수정방' 따라잡을 것""","‘수정방’, ‘연태고량주’ 등으로 친숙한 중국 술 백주는 국내 전체 주류 시장에서 7%를 차지한다. 이중... 국내 백주 시장에서는 연태고량주가 가장 많이 팔리지만 하이엔드급 백주로는 수정방이 꼽히며, 또다른...",2019.04,04
326,326,2019.04.18.,컨슈머타임스,"중국 주류기업 노주노교, 전략 제품 ‘명냥’ 앞세워 한국 진출",노주노교는 18일 서울 소공동 소재 더 플라자 호텔에서 기자간담회를 열고 백주(고량주) 신제품 ‘명냥’을... ㈜명냥 관계자는 “한국에서는 ‘연태고량주’의 인기가 높지만 중국에서는 그렇지 않다”며 “가격이나...,2019.04,04
327,327,2019.04.18.,인민망,"中 국영 주류사 노주노교, 백주 '명냥' 한국으로 첫 해외진출…글로벌 시장 공...","제품 패키지에는 중국 유명화가 푸야오(付?, FUYAO)가 명냥 특유의 감성을 담아 그린 동양화가 활용되었으며, 고량주의 대가이자 중국 국가 무형문화재인 심재홍 선생의 자필 서명 등을 통해 고급스러움을 살렸다....",2019.04,04
328,328,2019.04.18.,뉴스핌,'중국 술' 안방 시장 공습.. 맥주부터 백주까지 봇물,"중국산 수입 맥주와 백주(첨가물 넣은 증류주), 소주, 고량주 등 품목의 경우 올해 현재 세율은 22.5%로 2015년 FTA발효 당시 30%보다 7.5%포인트 감소했다. 중국산 수입 맥주와 백주 등 품목 관세율은 매년 1.5%포인트씩...",2019.04,04
329,329,2019.04.18.,아이뉴스24언론사 선정,주류업계도 '차이나' 바람…中 공습에 국내업체 '긴장',"이 업체들은 국내에서 '연태고량주', '칭따오'가 성공하자 자신감을 얻고, 젊은층을 겨냥한 신제품을 앞세워... 특히 연태고량주는 국내 백주 시장 점유율 50%를 차지하고 있을 정도로 인기를 얻고 있다. 중국 백주 브랜드...",2019.04,04
330,330,2019.04.18.,브릿지경제,"中 450년 전통 ‘노주노교’, 酒+茶 융합한 건강 백주 ‘명냥’ 출시","제품 패키지에는 중국 유명화가 푸야오(FUYAO)가 명냥 특유의 감성을 담아 그린 동양화가 활용됐으며, 고량주의 대가이자 중국 국가 무형문화재인 심재홍 선생의 자필 서명 등을 통해 고급스러움을 살렸다. 2017년...",2019.04,04
331,331,2019.04.18.,굿모닝경제,"中 노주노교, 고급 백주 '명냥'으로 글로벌 시장 공략","제품 패키지에는 중국 유명화가 푸야오(付尧)가 명냥 특유의 감성을 담아 그린 동양화가 활용됐으며, 고량주의 대가이자 중국 국가 무형문화재인 심재홍 선생의 자필 서명 등을 통해 고급스러움을...",2019.04,04
332,332,2019.04.18.,스포츠조선,"중국 주류기업 '노주노교', 신제품 '명냥' 한국 출시","제품 패키지에는 중국 유명화가 푸야오가 명냥 특유의 감성을 담아 그린 동양화가 활용되었으며, 고량주의 대가이자 중국 국가 무형문화재인 심재홍 선생의 자필 서명 등을 통해 고급스러움을 살렸다. 2017년 중국에...",2019.04,04
333,333,2019.04.18.,메트로신문,"中 노주노교, 신제품 '명냥' 국내 출시","제품 패키지에는 중국 유명화가 푸야오(FUYAO)가 명냥 특유의 감성을 담아 그린 동양화가 활용됐으며, 고량주의 대가이자 중국 국가 무형문화재인 심재홍 선생의 자필 서명 등을 통해 고급스러움을 살렸다. 2017년...",2019.04,04
334,334,2019.04.18.,뉴시스,"""'수정방' 잡겠다""…中백주 '명냥', 국내시장 공략(종합)",국내 백주시장에서는 대중적인 술로 연태고량주가 가장 많이 판매되고 있으며 고급 술로는 디아지오의 중국법인 디아지오차이나가 보유한 브랜드로 20만원 후반대에 판매하고 있는 제품인 수정방이나 그 위로...,2019.04,04
335,335,2019.04.18.,머니S,중국 고급 백주 '명냥' 국내 상륙… 신제품으로 첫 해외진출,"제품 패키지에는 중국 유명화가 푸야오(付尧, FUYAO)가 명냥 특유의 감성을 담아 그린 동양화가 활용됐으며 고량주의 대가이자 중국 국가 무형문화재인 심재홍 선생의 자필 서명 등을 통해 고급스러움을 살렸다. 2017년...",2019.04,04
336,336,2019.04.18.,뉴스핌,"中 국영 주류사 노주노교, '명냥' 국내 첫 론칭","제품 패키지에는 중국 유명화가 푸야오(付, FUYAO)가 명냥 특유의 감성을 담아 그린 동양화가 활용되었으며, 고량주의 대가이자 중국 국가 무형문화재인 심재홍 선생의 자필 서명 등을 통해 고급스러움을 살렸다....",2019.04,04
337,337,2019.04.18.,이투데이,"中 백주 기업 노주노교, ‘명냥’으로 한국 시장 진출","제품 패키지에는 중국 유명화가 푸야오(付尧, FUYAO)가 명냥 특유의 감성을 담아 그린 동양화가 활용되었으며, 고량주의 대가이자 중국 국가 무형문화재인 심재홍 선생의 자필 서명 등을 통해 고급스러움을 살렸다....",2019.04,04
338,338,2019.04.18.,뉴스1,"'400년 전통' 中 주류기업 '노주노교', 한국서 백주 제품 '명냥' 출시","제품 패키지에는 중국 유명화가 푸야오(付尧, FUYAO)가 명냥 특유의 감성을 담아 그린 동양화가 활용됐고 고량주의 대가이자 중국 국가 무형문화재인 심재홍 선생의 자필 서명 등을 통해 고급스러움을 살렸다. 2017년...",2019.04,04
339,339,2019.04.18.,아시아경제,"중국 국영 주류기업 '노주노교', 첫 해외진출국은 韓…신제품 '명냥' 선봬","제품 패키지에는 중국 유명화가 푸야오가 명냥 특유의 감성을 담아 그린 동양화가 활용됐으며, 고량주의 대가이자 중국 국가 무형문화재인 심재홍 선생의 자필 서명 등을 통해 고급스러움을 살렸다. 2017년 중국에...",2019.04,04
340,340,2019.04.18.,파이낸셜뉴스,"중국 국영기업 노주노교, 신제품 '명냥' 국내출시","제품 패키지에는 중국 유명화가 푸야오가 명냥 특유의 감성을 담아 그린 동양화가 활용됐으며, 고량주의 대가이자 중국 국가 무형문화재인 심재홍 선생의 자필 서명 등을 통해 고급스러움을 살렸다. 시내면세점과...",2019.04,04
341,341,2019.04.18.,이데일리,"中 주류기업 ‘노주노교’, 백주 신제품 ‘명냥’ 선봬","제품 패키지에는 중국 유명화가 푸야오(付堯, FUYAO)가 명냥 특유의 감성을 담아 그린 동양화가 활용되었으며, 고량주의 대가이자 중국 국가 무형문화재인 심재홍 선생의 자필 서명 등을 통해 고급스러움을 살렸다....",2019.04,04
342,342,2019.04.18.,뉴데일리,"韓 시장 넘보는 '대륙의 술'… 中 노주노교, 백주 '명냥' 출시","제품 패키지에는 중국 유명화가 푸야오(付?, FUYAO)가 명냥 특유의 감성을 담아 그린 동양화가 활용되었으며, 고량주의 대가이자 중국 국가 무형문화재인 심재홍 선생의 자필 서명 등을 통해 고급스러움을 살렸다. 2017년...",2019.04,04
343,343,2019.04.18.,아이뉴스24,"中 백주 시장 확대되나…노주노교, '명냥'으로 韓 진출","제품 패키지에는 중국 유명화가 푸야오(付尧, FUYAO)가 명냥 특유의 감성을 담아 그린 동양화가 활용됐으며, 고량주의 대가이자 중국 국가 무형문화재인 심재홍 선생의 자필 서명 등을 통해 고급스러움을 살렸다. 2017년...",2019.04,04
344,344,2019.04.12.,싱글리스트,"채수빈 ""신구 선생님, 단무지로만 고량주 4~5잔 원샷""(해피투게더4)","옆에 있던 채수빈은 ""처음 중국집에 식사하러 갔는데 음식이 안나왔는데 고량주를 단무지만 드시면서 4~5잔을 드셨다""고 전했다. 신구는 ""술잔이 앞에 있으면 참지를 못한다""고 말해 웃음을 자아냈다. 사진=KBS2...",2019.04,04
345,345,2019.04.12.,톱스타뉴스,"[종합] '해피투게더4' 김성은, '미달이'로 웃고 울었던 연기 인생 고백...''왜...",채수빈은 신구가 단무지 안주로 고량주를 마시는 것을 보고 놀랐었다고 말했다. 김성은은 2010년 영화 비공개 오디션을 준비하던 시간 성형 프로그램 섭외가 들어와 당연하게 성형 프로그램을 선택했던 과거를 후회했다....,2019.04,04
346,346,2019.04.12.,부산일보,"'해투4' 신구 ""이순재 딱해 보여""","이날 방송에서 채수빈이 ""선생님들이 요리가 안 나왔을 때 고량주 4잔을 마시는 걸 봤다"" 이에 신구는 ""술잔이 앞에 있을 때 참지를 못해요""하며 대답해 출연진을 놀라게 했다. 이어 그는 술을 못마시는 이순재를...",2019.04,04
347,347,2019.04.12.,MK스포츠,"‘해피투게더4’ 채수빈 “신구, 술 이야기하면 해맑게 웃는다” 폭로",이어 “음식이 아직 안 나왔는데 단무지 안무 삼아 고량주 4잔을 원샷 하시더라”라고 털어놓았다. 이에 신구는 “저는 술잔이 앞에 있으면 참질 못한다”고 해맑게 웃었다. 채수빈은 “술 이야기할 때 해맑게 웃으시는데...,2019.04,04
348,348,2019.04.11.,뉴스핌,[뉴스핌 뉴스레터] 차이나 뉴스브리프 11일,"11일자 차이나뉴스 브리프 바로가기 11일 오전 배달된 '차이나뉴스 브리프'는 < 다시 시작된 A주의 '유혹', 중국 증시 싸지고 견고해졌다 >란 톱기사와 함께 ▲ [최헌규의 금일중국] 고량주에 만취한 중국, 중국증시▲ 3월...",2019.04,04
349,349,2019.04.11.,뉴스핌,"다시 시작된 A주의 '유혹', 중국 증시 싸지고 견고해졌다",개별종목으로는 고량주 대표 종목인 귀주모태(구이저우마오타이 貴州茅台)도 유망 종목으로 자주 거론되고 있다. ◆ 훈훈한 낙관론 속 주시해야 할 A주 리스크 중국 증시에 대한 낙관론이 비관론보다 우세하지만...,2019.04,04
350,350,2019.04.09.,비욘드포스트,"최윤슬, 설원 고량주 CF 발탁... 굴곡몸매 치명적 섹시미 시선 고정",배우 최윤슬이 ‘설원’(雪原) 고량주 모델로 발탁됐다. 최근 공개된 설원 CF에서 최윤슬은 섹시미가... 중국 현지에서도 ‘가성비 갑’ 고량주로 알려진 설원은 2011년 국내에서 정식 판매를 시작한 가운데 양꼬치 식당과...,2019.04,04
351,351,2019.04.09.,아주경제,"""민물가재 대학, 마오타이 대학…"" 취업난 속 눈길 끄는 중국 이색대학들",중국 바이주(白酒·고량주) 간판 기업인 구이저우마오타이(貴州茅台)그룹이 직접 투자해 세운 마오타이대학이 대표적이다. 마오타이그룹 본사 소재지인 구이저우성 런화이(仁懷)시에 위치한 마오타이대학은 교육부...,2019.04,04
352,352,2019.04.09.,한국경제언론사 선정,[노경목의 선전狂시대] 주류 판매 뛰어든 中 전자업체 하이얼,말 그대로 와인과 고량주 등을 제조사로부터 공급 받아 식당과 호텔 등에서 판매하는 것이다. 한국 진출 때와 마찬가지로 주류 전문 냉장고가 이번에도 비장의 무기가 됐다. 정체는 ‘지우쯔다오(酒知道·술을 안다)...,2019.04,04
353,353,2019.04.09.,아주경제,[중국증시] 마오타이 1분기 실적발표에... 주가 최고치 900위안 돌파,"마오타이의 바이주(白酒·고량주) 업계 강자 지위는 공고하다며 장기적으로 보면 주가가 두 배로 뛸 것이라고까지 내다봤다. 마오타이는 중국 증시 가치투자 대명사로, 외국인이 중국증시에서 가장 선호하는...",2019.04,04
354,354,2019.04.08.,여성동아,[#newtro] 복고 갬성! 인싸들의 뉴트로 핫플 12,"중국 발효주인 소흥주를 베이스로 한 ‘차이니즈 하이볼’과 ‘명성 카시스’, 연태고량주에 리치·레몬·사이다 등을 넣어 만든 ‘화이트피즈’, 직접 만든 진저시럽을 이용한 ‘상수동 뮬’ 등을 맛볼 수 있다....",2019.04,04
355,355,2019.04.05.,서울와이어,봄날의 양꼬치를 좋아하세요? 만개하는 봄 인천 나들이에서 즐기는 동인천 신...,"양고기와 함께 먹는 중국술의 인기도 높아지고 있는데, 이곳은 칭따오, 하얼빈 맥주와 고급주류인 연태고량주, 공부가주, 설원 등을 판매하고 있어 양꼬치에 곁들이기 좋다. 가게는 1층과 2층으로 이뤄져 있으며 최대...",2019.04,04
356,356,2019.04.05.,내일신문,일산 웨스턴돔 인근 소고기 샤브샤브 맛집 ‘푸름애 샤브’,"또 주류도 이과두주, 고량주 등 중국술이 다양하게 준비되어 있다. 분위기가 조용하고 번잡하지 않아 가족외식이나 주부모임, 회식 등 모임장소로도 좋은 ‘푸름애 샤브’. 미취학 아동은 4000원, 초등학생은 7000원에...",2019.04,04
357,357,2019.04.04.,뉴스1,"""한국 애주가 잡아라""…中 맥주부터 백주까지 한국에 도전장","중국 음식이 한국에 보편화돼 있고, 공보가주와 금문고량주 등을 선호하는 한국 소비자가 많다는 점을 고려한 것으로 보인다. 노주노교 관계자는 ""한국의 음주나 한류 문화의 확장성과 개방성, 접근성을 고려해 판매를...",2019.04,04
358,358,2019.04.04.,M이코노미,"영화배우 최윤슬, 설원 고량주 CF 발탁",영화배우 최윤슬이 ‘설원’(雪原) 고량주 모델로 발탁됐다. 최근 공개된 설원 CF에서 최윤슬은 섹시미가... 중국 현지에서 ‘가성비 갑’ 고량주로 알려진 설원은 2011년 국내에서 정식 판매를 시작한 가운데 양꼬치...,2019.04,04
359,359,2019.03.31.,대구신문,학생들 열정으로 지역 中企 수출길 연다,영남대 일본 치바 국제식품음료전시회에 대구 소재 기업 수성고량주와 함께 참가한 영남대학교 GTEP사업단... 소재한 고량주 제조기업 수성고량주(대표 이승로) 등과 함께 해외 판로 개척에 나섰다. 푸덱스재팬은 전...,2019.03,03
360,360,2019.03.30.,스타데일리뉴스,"[영상] 최윤슬, 설원 고량주 CF 발탁... 굴곡몸매 치명적 섹시미 시선 고정", 배우 최윤슬이 '설원'(雪原) 고량주 모델로 발탁됐다. 최근 공개된 설원 CF에서 최윤슬은 섹시미가 돋보이는... 중국 현지에서도 '가성비 갑' 고량주로 알려진 설원은 2011년 국내에서 정식 판매를 시작한 가운데 양꼬치...,2019.03,03
361,361,2019.03.29.,아주경제,[중국증시] 1000위안 넘보는 마오타이株…언제까지 오를까,"마오타이의 바이주(白酒·고량주) 업계 강자 지위는 공고하다며 장기적으로 보면 주가가 두 배로 뛸 것이라고까지 내다봤다. 중금공사도 주가 목표치를 990위안으로 잡으며, '매입' 등급을 유지했다. 중금공사는...",2019.03,03
362,362,2019.03.29.,뷰어스,"최윤슬, 설원 고량주 CF 발탁...굴곡몸매 치명적 섹시미 시선고정", 배우 최윤슬이 '설원'(雪原) 고량주 모델로 발탁됐다. 최근 공개된 설원 CF에서 최윤슬은 섹시미가 돋보이는... 중국 현지에서도 '가성비 갑' 고량주로 알려진 설원은 2011년 국내에서 정식 판매를 시작한 가운데 양꼬치...,2019.03,03
363,363,2019.03.25.,매일신문,"""지역 중소기업 돕고, 학생 실무 역량 쌓고 윈윈"" 영남대 해외박람회 지원 눈...",영남대 지역특화 청년무역전문가 양성사업단(GTEP사업단) 소속 학생들은 최근 일본 치바에서 열린 국제식품음료전시회(FOODEX JAPAN 2019)에서 대구 기업인 수성고량주의 수출 활동 지원에 나섰다. 이들은 박람회 현장에서...,2019.03,03
364,364,2019.03.24.,연합뉴스TV,고문헌 속 전통주 각광…웰빙 바람 타고 소비량 '쑥쑥',"또 품질에 대해서 굉장히 감탄을…"" 최근 웰빙바람을 타고 가볍게 술을 즐기는 문화가 확산되면서 알코올 도수가 높은 양주나 고량주 대신 전통주와 와인 등 저알코올 주류의 소비가 증가하고 있습니다. <정석태...",2019.03,03
365,365,2019.03.22.,월간원예,"배우 김태희, 왕푸징 백화점 뷰티 편집샵 메인 모델 발탁","중국 고량주 ""몽고왕""의 모델을 하게 되었습니다. 이소식을 얼마나 전하고 싶었는지.. 며칠 입이 간질간질했네요. 그리고 화장품사업은 제가 오래전부터 관심이 많아서 여러가지 공부를 하고있던 찰나에 모델 제안을...",2019.03,03
366,366,2019.03.22.,에이빙뉴스,[BAR&PUB SHOW 2019 영상] 시원하고 숙취 없는 고량주 '명냥' 선보여,명냥는 3월 21일(목)부터 23일(토)까지 서울 양재동 aT센터 제2전시장에서 열리는 'BAR&PUB SHOW 2019'에 참가해 홍차 & 자이리톨 성분이 함유돼 부드럽고 시원한 고량주 '명냥'을 선보였다. 명냥은 중국...,2019.03,03
367,367,2019.03.21.,내일신문,"판교에서 성공한 ‘서울 멸치쌈밥’, 청담동에 직영점 오픈","술손님이 많다 보니 술도 다양하게 갖춰 일반적인 소주와 맥주 외에 ‘화요’와 ‘연태고량주’, 지평막걸리, 배다리막걸리, 공주 밤마걸리 등 다양하게 준비돼 있다. 메뉴: 멸치 쌈밥(1인분) 10,000원, 다슬기들깨탕·맑은탕...",2019.03,03
368,368,2019.03.21.,경북매일신문,"영남대 학생들, 지역 중소기업 수출에 한 몫.",일본 치바 국제식품 음료전시회(FOODEX JAPAN 2019)에 대구 소재 기업 수성고량주와 함께 참가한 영남대학교... 최근 일본 치바에서 열린 국제식품 음료전시회(FOODEX JAPAN 2019)에 GTEP사업단 학생들은 고량주 제조기업...,2019.03,03
369,369,2019.03.20.,위키트리,"영남대 학생들, 지역 중소기업 수출길 연다!...영남대 GTEP사업단, 지역 기업...",일본 치바 국제식품음료전시회(FOODEX JAPAN 2019)에 대구 소재 기업 수성고량주와 함께 참가한 영남대학교... 소재한 고량주 제조기업 수성고량주(대표 이승로) 등과 함께 해외 판로 개척에 나섰다. 푸덱스재팬은 전 세계...,2019.03,03
370,370,2019.03.20.,브레이크뉴스,"영남대 학생들, 지역 중소기업 수출길 연다",20일 영남대에 따르면 지난 3월 5일부터 8일까지 일본 치바에서 열린 국제식품음료전시회(FOODEX JAPAN 2019)에 GTEP사업단 학생들이 대구에 소재한 고량주 제조기업 수성고량주(대표 이승로) 등과 함께 해외 판로 개척에...,2019.03,03
371,371,2019.03.20.,아시아투데이,"영남대, GTEP사업단, 해외 박람회서 지역 기업·제품 홍보",20일 영남대에 따르면 이달 5일부터 8일까지 일본 치바에서 열린 국제식품 음료 전시회(FOODEX JAPAN 2019)에 GTEP사업단 학생들이 대구에 소재한 고량주 제조기업 수성고량주(대표 이승로) 등과 함께 해외 판로 개척에...,2019.03,03
372,372,2019.03.20.,대학저널,"""영남대 학생들, 지역 중소기업 수출길 연다""",지난 5일부터 8일까지 일본 치바에서 열린 국제식품음료전시회(FOODEX JAPAN 2019)에 GTEP사업단 학생들이 대구에 소재한 고량주 제조기업 수성고량주(대표 이승로) 등과 함께 해외 판로 개척에 나섰다. 푸덱스재팬은 전 세계...,2019.03,03
373,373,2019.03.20.,국제뉴스,"영남대 학생들, 지역 중소기업 수출길 연다!",지난 3월 5일부터 8일까지 일본 치바에서 열린 국제식품음료전시회(FOODEX JAPAN 2019)에 GTEP사업단 학생들이 대구에 소재한 고량주 제조기업 수성고량주(대표 이승로) 등과 함께 해외 판로 개척에 나섰다. 푸덱스재팬은 전...,2019.03,03
374,374,2019.03.20.,베리타스알파,"영남대 학생들, 지역 중소기업 수출길 연다",지난 3월 5일부터 8일까지 일본 치바에서 열린 국제식품음료전시회(FOODEX JAPAN 2019)에 GTEP사업단 학생들이 대구에 소재한 고량주 제조기업 수성고량주(대표 이승로) 등과 함께 해외 판로 개척에 나섰다. 푸덱스재팬은 전...,2019.03,03
375,375,2019.03.19.,뉴스핌,"27년 만에 A주 1000위안 시대 열리나, 귀주모태 '기대주'로 급부상","중국 고량주 대표 종목 귀주모태(貴州茅台) 주가의 '최고점'에 대한 시장의 기대감이 높아지고 있다.... 현재 고량주 섹터의 평균 PER 37배와 비교하면, 귀주모태의 주가가 충분히 1000위안까지 상승할 수 있을 것으로...",2019.03,03
376,376,2019.03.19.,기호일보,"배우 김태희, 왕푸징 백화점 뷰티 편집샵 메인 모델 발탁",중국 고량주 “몽고왕”의 모델을 하게 되었습니다. 이 소식을 얼마나 전하고 싶었는지.. 며칠 입이 간질간질했네요. 그리고 화장품사업은 제가 오래전부터 관심이 많아서 여러가지 공부를 하고있던 찰나에 모델제안을...,2019.03,03
377,377,2019.03.18.,뉴스핌,[최헌규의 금일중국] 한국에 삼성전자가 있다면 중국엔 귀주모태가 있다,마오타이가 주가 신기록을 경신하는 사이 진중쯔주(金種子酒) 커우쯔자오(口子) 순신눙예(順農業) 구징궁주(古井貢酒) 주구이주(酒鬼酒) 루저우라오자오(瀘州老) 등 기타 백주(고량주) 주식들이 무더기로 상한가를...,2019.03,03
378,378,2019.03.18.,뉴스핌,"[3/18 중국증시종합] 백주 종목 초강세, 상하이종합지수 2.47 %↑","상하이종합지수 3096.42（+74.67, +2.47%) 선전성분지수 9843.43（+292.89, +3.07 %) 창업판지수 1707.06 (+44.44, +2.67%) [서울=뉴스핌] 이동현기자= 18일 상하이 종합지수는 백주(白酒, 고량주), 소비재,은행,철강 섹터의 강세에 2...",2019.03,03
379,379,2019.03.16.,allure,마라 중독,"달달한 콘튀김, 고량주 하이볼과 함께 즐겨보길. 주소 서울 강남구 봉은사로6길 26 가격 2만3천원(2인 기준)?문의 @tianjin_inspiration 파불라 {사천 마라롱샤} 사천 요리를 전문으로 하는 모던 레스토랑 파불라는 ‘맵지...",2019.03,03
380,380,2019.03.15.,한국농어민신문,"인천해경, 중국 농산물 불법 유통 적발",해경은 인천 중구에 있는 이들의 창고를 수색해 녹두 4톤(2000만원 상당)과 양주ㆍ고량주 등 면세 주류 115병(1500만원 상당)을 압수했다. 해경은 이들이 유통한 중국산 농산물과 면세 주류의 판매...,2019.03,03
381,381,2019.03.15.,내일신문,"항공 직송 프리미엄램 사용하는 전통 양갈비 전문점, 램하우스","구이나 전골 요리에 소주, 맥주, 복분자주, 고량주, 와인 등 다양한 주류도 함께 할 수 있다. 하우스 와인은 한 잔에 6,000원의 가격으로 제공되며, 양고기에 어울리는 외인리스트도 갖추고 있다. 1병당 10,000원의 콜키지...",2019.03,03
382,382,2019.03.12.,뉴스1,보따리상 포섭해 中 농산물 32톤 불법 수집·유통한 일당 검거,해경에 따르면 이들은 지난해 6월부터 올해 2월까지 국제여객선을 승선하는 보따리 상인들을 포섭해 1억6000천만원 상당의 중국산 농산물 32톤과 양주 및 고량주 등을 수집해 국내로 유통·판매한 혐의를 받고 있다....,2019.03,03
383,383,2019.03.12.,MBN,보따리상 이용해 중국 농산물·주류 불법 유통한 일당 '적발',A 씨 등은 지난해 6월부터 올해 2월까지 8개월간 한국과 중국을 오가는 보따리상들을 이용해 중국산 농산물 32t(1억6천억원 상당 추정)과 양주와 고량주 등 면세 주류를 불법으로 수집하고 국내에 유통·판매한 혐의를...,2019.03,03
384,384,2019.03.12.,연합뉴스,보따리상 이용해 중국 농산물·고량주 불법유통한 일당 적발,A씨 등은 지난해 6월부터 올해 2월까지 8개월간 한국과 중국을 오가는 보따리상들을 이용해 중국산 농산물 32t(1억6천억원 상당 추정)과 양주와 고량주 등 면세 주류를 불법으로 수집하고 국내에 유통·판매한 혐의를 받고...,2019.03,03
385,385,2019.03.12.,오마이뉴스언론사 선정,"[허시명의 술술술] 공원이 된 양조장, 왜 그런가 했더니",대만 금문고량주의 명성은 익히 들었지만 금문도를 가려면 다시 비행기나 배를 타야 한다. 또 다른 고량주 팔팔갱도 고량주의 숙성 갱도를 찾아가려해도 배를 타야 한다. 수도 타이베이에서 가까운 양조장이 없을까...,2019.03,03
386,386,2019.03.09.,머니S,맥주에 땅콩? 잘 차린 홈술상에 편의점 냉장안주 인기,"실제 CU(씨유)의 지난해 와인, 청주(고량주 등), 사케 등 기타주류 매출은 전년 대비 18.1% 신장해 맥주나 소주보다 더 가파른 성장세를 보였다. 이와 같은 추세에 맞춰 CU(씨유)는 이달 4일 ‘불닭왕교자(3,900원)’와...",2019.03,03
387,387,2019.03.09.,오마이뉴스언론사 선정,북한군 320 무명인... 그는 고향을 찾을 수 있을까,송환 전 중국군 유해 45구가 합장돼 있었던 빈 묘지에는 누군가 두고 간 빈 고량주 병만이 덩그러니 놓여... 간 고량주 빈 병만이 덩그러니 놓여 있다. ⓒ 김도균 뒤섞인 채로 발굴된 유해는 분리가 어려운 상태여서 함께...,2019.03,03
388,388,2019.03.08.,현대불교신문,명상의 기본 '제3자적 시점 유지',"그것도 양주나 고량주 같은, 성냥불만 켜면 투명한 불꽃이 일어나는 독주다. 지금도 200㎖짜리 백자에 담긴 '귀주 마오타이'가 목에 붉은 리본을 달고 있다. 중국 다녀온 후배가 6개월 전에 선물한 술이다. 아직도 절반...",2019.03,03
389,389,2019.03.05.,매일신문,"수성고량주, 일본 국제식품음료전시회 참가","수성고량주가 5일부터 4일간 열리는 일본 FOODEX JAPAN(푸덱스재팬) 2019 국제식품음료전시회에 참가... 수성고량주는 신제품 부엉이빼갈과 수성후레쉬40, 수성스페셜, 프리미엄 블루35, 프리미엄 백주를 선보이고 있다. 시음...",2019.03,03
390,390,2019.03.04.,전자신문,'홈술족' 증가에 편의점 냉장안주 인기,"실제 CU의 지난해 와인, 청주(고량주 등), 사케 등 기타주류 매출은 전년 대비 18.1% 신장해 맥주나 소주보다 더 가파른 성장세를 보였다. 이와 같은 추세에 맞춰 CU는 4일 '불닭왕교자(3900원)'와 '까르보 불닭왕교자(3900원)...",2019.03,03
391,391,2019.03.04.,아시아투데이,"CU, 냉장안주 인기에 '불닭볶음면 소스' 넣은 교자 단독 출시","실제 CU의 지난해 와인, 청주(고량주 등), 사케 등 기타주류 매출은 전년 대비 18.1% 신장해 맥주나 소주보다 더 가파른 성장세를 보였다. 이와 같은 추세에 맞춰 CU는 ‘불닭왕교자(3900원)’와 ‘까르보 불닭왕교자...",2019.03,03
392,392,2019.03.04.,뉴시스,"""홈술도 잘 차려먹자""…냉장안주 매출↑","실제 CU의 지난해 와인, 고량주, 사케 등 기타주류 매출은 전년 대비 18.1% 신장하며 맥주나 소주보다 더 가파른 성장세를 보이고 있다. CU 관계자는 ""개인 취향과 주종에 맞춰 냉장안주를 고르는 고객들이 늘어나고...",2019.03,03
393,393,2019.03.04.,세계일보,"와인, 고량주, 사케까지…'홈술' 주종 다양해져, 술맛 맞춰 골라먹는 냉장안주...","실제 CU(씨유)의 지난해 와인, 청주(고량주 등), 사케 등 기타주류 매출은 전년 대비 18.1% 신장해 맥주나 소주보다 더 가파른 성장세를 보였다. 이나라 BGF리테일 신선식품팀 MD(상품기획자)는 “홈술 문화를 즐기는...",2019.03,03
394,394,2019.03.04.,연합뉴스,"CU ""편의점 냉장 안주 인기…최근 3년 매출 50%씩 증가""","CU 관계자는 ""집에서 마시는 술 종류가 와인, 고량주, 사케 등으로 다양해지면서 술맛에 맞춰 골라 먹는 냉장 안주가 인기를 끌고 있다""고 분석했다. CU는 이런 트렌드에 맞춰 '불닭왕교자'와 '까르보 불닭왕교자'를...",2019.03,03
395,395,2019.03.04.,데일리안,‘맥주에 땅콩?’…잘 차린 홈술상에 편의점 냉장안주 인기,"실제 CU의 지난해 와인, 청주(고량주 등), 사케 등 기타주류 매출은 전년 대비 18.1% 신장해 맥주나 소주보다 더 가파른 성장세를 보였다. 이와 같은 추세에 맞춰 CU는 4일 ‘불닭왕교자(3900원)’와 ‘까르보 불닭왕교자...",2019.03,03
396,396,2019.03.04.,FETV,"CU, 홈술족 공략할 ‘불닭볶음면 소스’ 넣은 교자 출시","실제 CU(씨유)의 지난해 와인, 청주(고량주 등), 사케 등 기타주류 매출은 전년 대비 18.1% 신장해 맥주나 소주보다 더 가파른 성장세를 보였다. 이와 같은 추세에 맞춰 CU(씨유)는 이달 4일 ‘불닭왕교자(3900원)’와...",2019.03,03
397,397,2019.03.04.,스포츠조선,홈술 문화에 냉장안주 인기…주종 다양해지자 술 맛 맞춰 안주 골라먹어,"실제 CU(씨유)의 지난해 와인, 청주(고량주 등), 사케 등 기타주류 매출은 전년 대비 18.1% 신장해 맥주나 소주보다 더 가파른 성장세를 보였다. 이와 같은 추세에 맞춰 CU(씨유)는 이달 4일 '불닭왕교자'와 '까르보...",2019.03,03
398,398,2019.02.28.,뉴스프리존,중국을 관통하는 조선의용군의 빛나는 항일역사탐방기,이날은 하남 휘현시 정부 시장의 초청으로 #하남성 휘현시辉县市 태항산 주류그룹의 끝이 없이 펼쳐진 1톤의 고량주 술창고에서 심취해 고난의 항일 유적 탐방을 마무리한다. 셋째 날 다시 하남성으로 돌아와...,2019.02,02
399,399,2019.02.27.,스타데일리뉴스,"[영상] 설원(雪原) 고량주, 웹드라마 '두부의 의인화' 코믹 발랄 등장 '20대 ...","설원(雪原) 고량주가 웹드라마를 통해 젊은 층이 취향을 저격했다. 웹드라마 '설원-회식 편'은 깨알 같은... 코스요이를 시키고, 고량주를 시키는 켄의 모습에 놀란 표정을 지으며 마음을 졸이지만 켄이 돈을 내기로 한다는...",2019.02,02
400,400,2019.02.27.,넥스트데일리,"中 산둥성 옌타이시, 국내 최초로 ‘한중산업단지 설명회’ 개최…국내 기업 ...",중국의 10대 항구로 국내에서는 연태 고량주의 생산지로 잘 알려진 산둥성 옌타이시 정부가 최초로 한국 언론을 대상으로 산업단지 설명회를 열어 관심을 모았다. 옌타이시는 지난 26일 오전 서울시 강남구 삼성동에...,2019.02,02
401,401,2019.02.26.,중부매일,[3.1운동 100주년] 박걸순 충북대 교수 인터뷰,"기자와 이야기를 나누던 노년의 선생은 말련에 배운 고량주를 몇 잔 마시고 창밖의 달을 쳐다보면서 ""나에게는 달이 두 개 있다""라고 말한다. 박 교수는 ""두 개의 달은 한국과 중국을 조국으로 생각한다는 뜻일 수도 있고...",2019.02,02
402,402,2019.02.26.,스포츠월드,켄싱턴호텔여의도 중식당 샹하오…1만∼3만원대 '가심비 메뉴' 선봬,"저녁에 열리는 ‘치어스 프로모션 위드 고량주’는 1인당 3만 원대로 이용 가능해 회식이나 저녁모임 장소로도 제격이다. 저녁 메뉴 프로모션에는 찹쌀 꿔바로우와 칠리 소프트크랩, 어향동고, 전가복, 통마늘 흑후추...",2019.02,02
403,403,2019.02.24.,에스콰이어,서울이 취한 차이니스 바 2편 명성관,한편 연태고량주에 리치를 으깨 넣고 스프라이트를 부은 ‘화이트 피즈’와 롱아일랜드 아이스티를 연태고량주로 재조합한 ‘카롱티’는 달짝지근하면서도 바이주의 쨍한 열대 과일 향이 잘 살아 있다.칵테일만큼...,2019.02,02
404,404,2019.02.24.,에스콰이어,뜻밖의 차이니스 바,중국 요리가 느끼하게 느껴지는 순간 고량주를 한두 잔 곁들이기 적당하다. 주당들은 그 이상도 즐길 수... 중국에 거주한 경험이 있는 외국인 열에 아홉은 고량주에 대한 나쁜 기억을 안고 있다. 그들은 고량주를...,2019.02,02
405,405,2019.02.24.,에스콰이어,서울이 취한 차이니스 바 1편 레드문,"‘연태 칵테일’이 연태고량주에 캄파리, 자몽 등을 넣어 바이주의 쌉싸래한 풍미에 집중했다면, ‘밀크 칵테일’은 입안의 불을 끄는 역할을 한다. 분위기부터 음식, 술까지 어느 것 하나 빠지지 않는 레드문에 착륙한...",2019.02,02
406,406,2019.02.24.,에스콰이어,서울이 취한 차이니스 바 4편 모던놀랑,상하이 핑크는 연태고량주에 장미와 제비꽃 향 시럽을 넣어 바이주가 품은 꽃향기를 극대화한다. 입술이... 연태고량주에 기네스 맥주를 섞은 ‘블랙 슈트’는 흑맥주의 쌉싸래하면서도 묵직한 보디감에 바이주 특유의...,2019.02,02
407,407,2019.02.23.,머니S,"[호텔가] 켄싱턴호텔 여의도 샹하오, '가심비 메뉴' 출시…1만~2만원대 런치 ...",저녁 회식 메뉴로 추천하는 '치어스 프로모션 위드 고량주’는 1인당 3만원대로 이용할 수 있다. 런치 세트... 위드 고량주’를 진행한다. 회식 및 저녁 모임 시 고객이 가장 선호하는 메뉴로 기획된 치어스 프로모션...,2019.02,02
408,408,2019.02.22.,뉴시스,"이랜드 켄싱턴 여의도 ""지금까지 이런 가심비 호텔 중식은 없었다""",디너에는 3~4인용 메뉴를 1인 3만원대에 내는 '치어스 프로모션 위드 고량주'를 마련한다. 고량주(연태 또는 공부가주) 1병과 함께 회식이나 저녁 식사 모임에서 인기 높은 요리 중 3~4개를 고를 수 있게 한다. 요리는...,2019.02,02
409,409,2019.02.22.,시장경제신문,"단돈 3만원에 회식까지… 켄싱턴호텔여의도 샹하오, 가심비 메뉴 출시",3만원으로 즐기는 '런치세트 3종·치어스 프로모션 위드 고량주' 진행 [시장경제=이준영 기자] 켄싱턴호텔... 저녁 회식 메뉴로 추천하는 '치어스 프로모션 위드 고량주'는 1인당 3만원대로 이용할 수 있어 경제적인...,2019.02,02
410,410,2019.02.22.,이뉴스투데이,"켄싱턴호텔 여의도, 중식당 샹하오 ‘가심비 메뉴’ 선봬",저녁 회식 메뉴로 추천하는 '치어스 프로모션 위드 고량주’는 1인당 3만원대로 이용할 수 있어 경제적인... 위드 고량주’를 진행한다. 회식 및 저녁 모임 시 고객이 선호하는 메뉴로 기획된 치어스 프로모션 메뉴는...,2019.02,02
411,411,2019.02.22.,파이낸셜뉴스,이랜드 켄싱턴호텔 여의도 샹하오 ‘가심비 메뉴’ 선봬,저녁 회식 메뉴로 추천하는 '치어스 프로모션 위드 고량주’는 1인당 3만원대로 이용할 수 있어 경제적인... 3~4인 기준으로 구성된 메뉴를 경제적인 가격으로 즐길 수 있는 '치어스 프로모션 위드 고량주’를 진행한다.,2019.02,02
412,412,2019.02.22.,글로벌경제,"켄싱턴호텔앤리조트여의도, 중식당 '샹하오'서 ‘가심비 메뉴’ 출시","어향동고, 전가복, 통마늘 흑후추 소고기 안심, 갈릭 깐풍기, 고추 짬뽕탕으로 구성됐다. 총 7가지 메뉴 중에서 취향에 따라 3가지 선택 및 4가지로 선택해 즐길 수 있다. 메뉴와 함께 고량주(연태 또는 공부가주)가 제공된다.",2019.02,02
413,413,2019.02.21.,스포츠서울,"[김경훈의 주류 잡학사전] 소주의 역사와 전통, 대한민국 대표 '전통주'","영국의 위스키, 프랑스의 와인, 일본의 사케, 중국의 고량주, 러시아의 보드카 등 주류역사가 깊은 나라들은 저마다 대표주를 보유하고 있습니다. 오랜 역사를 바탕으로 자국민뿐 아니라 전 세계적으로 사랑을 받고 있는...",2019.02,02
414,414,2019.02.15.,주간동아,[김작가의 음담악담(音談樂談)] 매년 2월 11일 홍대 앞에선 잔치가 벌어진다,"위스키와 고량주, 막걸리까지 있었다. 7시 30분에 시작됐지만 이미 시작과 동시에 만석. 분위기가 절정으로 치달을 무렵 무대에 오른 건 현진영이었다. 2017년 최백호, 2018년 남궁연에 이은 특별 게스트였다. 2곡의 잔잔한...",2019.02,02
415,415,2019.02.15.,머니S,[맛집로드] 식탁 위에 펼쳐진 만국박람회,"저녁 시간에는 칭따오 생맥주나 연태고량주 한잔과 함께 하루의 고단함을 달래는 이들도 많다. 메뉴 김치치즈찹쌀탕수육 1만5000원, 백짜장 6900원 영업시간 (점심)11:30~15:00 (저녁)17:00~21:30 ◆샤로스톤 돌판에 구워 먹는...",2019.02,02
416,416,2019.02.15.,경북일보,[새경북포럼] 전쟁과 평화,"수확한 곡물로 58도 고량주를 만들고, 그 지게미로 소를 사육하여 고량우를 생산한다. 육질이 부드럽고 육즙이 향긋한 명품이라고. ‘포탄칼’은 진먼의 삼대 특산품 가운데 하나다. 1958년 양안 갈등으로 빗발치듯 탄알이...",2019.02,02
417,417,2019.02.14.,뉴스핌,"중국 주류업계 순한 고량주 '미니 바이주' 돌풍, 1인가구 혼술족 증가", 최근 중국에선 1인 가구와 혼자 술을 마시는 일명 ‘혼술족’이 늘어나면서 ‘미니 바이주(白酒)’가 젊은이들 사이에서 인기몰이를 하고 있다. 현재 중국의 소용량 주류 시장의 규모는 150억 위안(약 2조원)...,2019.02,02
418,418,2019.02.13.,내일신문,선부동으로 불어온 중식의 새바람 ‘홍푸군단’,식어도 맛이 크게 달라지지 않기 때문이다. 이곳의 요리와 함께 하는 술이 곡식을 증류한 고량주라 값이 좀 비싼 것은 사실이지만 향과 부드러운 목 넘김 그리고 다음날 개운함으로 충분한 보상이 있다.,2019.02,02
419,419,2019.02.08.,MBN,‘두시의 데이트’ 레이디 제인 “여행 좋아하지만…준비하다가 포기 多”,"들어간 머플러를 많이 사더라”며 “여행을 갈 때마다 꼭 사야하는 쇼핑 리스트가 있다. 타이완은 파인애플 케이크와 누가 크래커가 있고 중국은 고량주, 일본은 동전 파스나 일회용 안경닦이 등이 있다”고 설명했다.",2019.02,02
420,420,2019.02.06.,스타뉴스,"'주간아이돌', 허참 함께한 '주간오락관'..여자친구 압도적 勝 [★밤TView]","남성팀은 제시어 '오랑우탄'을 '고량주짱'이라고 말하는 등 기상천외한 오답 행진을 이어갔다. 여성팀은 제시어 '별에서 온 그대'를 맞췄고, 네 번째 게임 역시 여성팀의 승리로 돌아갔다. 네 번째 게임은 허참의 춤을 보고...",2019.02,02
421,421,2019.02.05.,시선뉴스,한국인들이 좋아하는 고량주 모음 [인포그래픽],"일본은 사케, 중국은 고량주가 대표적이다. 최근에는 중국인들뿐 아니라 한국인들도 즐겨 찾는다는 고량주. 중국인들이 주로 찾는 또 한국인들이 주로 찾는 고량주는 어떤 것들이 있는지 살펴보자. (지나친 알코올...",2019.02,02
422,422,2019.02.03.,뉴스엔,"‘집사부일체’ 이연복 3층 집 공개, 전용 테라스에 손자용 미끄럼틀까지[결정...","사위가 날 되게 힘들어 하는 게 아니라 친구처럼 지내서 같이 있으면 재밌다. 운동도 하고 맥주 한 잔도 하며 먹고 고량주도 한 잔 하고""라고 덧붙였다. (사진=SBS '집사부일체' 캡처) 뉴스엔 황혜진 blossom@",2019.02,02
423,423,2019.02.02.,브레이크뉴스,"‘시간이 멈추는 그때’ 안지현, “김현중-인교진 매너가 몸에 벤 사람” 화보","자장면에는 고량주, 삼겹살에는 소주 이런 센스를 아는 사람이면 좋겠다”라며 웃었다. 이어 안지현에게 몸매 관리 비결을 묻자 “몸매 관리는 식이가 9할인 것 같다. 양을 줄이고 건강한 음식 위주로 먹는다. 피부는 술...",2019.02,02
424,424,2019.01.30.,스타데일리뉴스,"[영상] 설원(雪原) 고량주, 웹드라마 '회식 편' 깨알 재미로 중국서 1천만뷰 ..."," 중국 동포들의 '잇 아이템' 설원(雪原) 고량주를 소재로 한 웹드라마가 중국에서 핫한 반응을 얻고 있다.... 설원 고량주를 소재로 해 소소한 일상생활에서 벌어지는 에피소드를 그리고자 했다""며 ""중국 술을 한국...",2019.01,01
425,425,2019.01.30.,월간중앙,[평양 리포트] 북한의 음주 문화 실태,고량주·물·포도·야생배 및 과당이 원료이며 주로 칵테일용으로도 많이 사용된다. 강계산포도술공장에서 생산되는 강계산 머루술은 주종이 과실주이며 알코올 도수 16%이며 500㎖ 용량이다. 산머루와 과당이 원료이며...,2019.01,01
426,426,2019.01.30.,금강일보,"안지현 ""강하늘과 로맨스 찍어보고 싶어, 영화 '동주' 관람 후 팬 됐다""","자장면에는 고량주, 삼겹살에는 소주 이런 센스를 아는 사람이면 좋겠다""라며 웃었다. 이어 안지현에게 몸매 관리 비결을 묻자 ""몸매 관리는 식이가 9할인 것 같다. 양을 줄이고 건강한 음식 위주로 먹는다. 피부는 술 덜...",2019.01,01
427,427,2019.01.29.,스포츠서울,"안지현 ""김현중? 거짓말 못하는 성격...현장서 잘 챙겨준 선배""(화보)","자장면에는 고량주, 삼겹살에는 소주 이런 센스를 아는 사람이면 좋겠다""라며 웃었다.이어 안지현에게 몸매 관리 비결을 묻자 '몸매 관리는 식이가 9할인 것 같다. 양을 줄이고 건강한 음식 위주로 먹는다. 피부는 술 덜...",2019.01,01
428,428,2019.01.29.,셀럽미디어,"안지현 “김현중, 거짓말 못하는 사람… 서현 보고 아이돌 출신 편견 사라져”","자장면에는 고량주, 삼겹살에는 소주 이런 센스를 아는 사람이면 좋겠다”라며 웃었다. 이어 안지현에게 몸매 관리 비결을 묻자 “몸매 관리는 식이가 9할인 것 같다. 양을 줄이고 건강한 음식 위주로 먹는다. 피부는 술...",2019.01,01
429,429,2019.01.29.,뉴스1,"[N화보] 안지현 ""김현중, 거짓말 못했던 파트너…또 호흡 맞추고파""","자장면에는 고량주, 삼겹살에는 소주 이런 센스를 아는 사람이면 좋겠다”며 웃었다. 이어 안지현에게 몸매 관리 비결을 묻자 “몸매 관리는 식이가 9할인 것 같다. 양을 줄이고 건강한 음식 위주로 먹는다. 피부는 술 덜...",2019.01,01
430,430,2019.01.29.,매일경제,"안지현 “김현중, 거짓말 못하는 사람…한번 더 호흡 맞추고 싶어” (화보)","자장면에는 고량주, 삼겹살에는 소주 이런 센스를 아는 사람이면 좋겠다”라며 웃었다. 이어 안지현에게 몸매 관리 비결을 묻자 “몸매 관리는 식이가 9할인 것 같다. 양을 줄이고 건강한 음식 위주로 먹는다. 피부는 술...",2019.01,01
431,431,2019.01.29.,중부일보,"'시간이 멈추는 그때' 안지현 ""김현중과 첫 주연 믿기지 않았다… 또 호흡 맞...","자장면에는 고량주, 삼겹살에는 소주 이런 센스를 아는 사람이면 좋겠다""라며 웃었다. 사진=bnt 이어 안지현에게 몸매 관리 비결을 묻자 ""몸매 관리는 식이가 9할인 것 같다. 양을 줄이고 건강한 음식 위주로 먹는다....",2019.01,01
432,432,2019.01.29.,뉴스엔,"안지현 “김현중은 거짓말 못하는 사람, 또 호흡 맞추고파”[화보]","이상형으로는 “지적인 이미지와 목소리가 정말 좋다”며 성시경을 꼽았다. 더불어 “음식과 술이 어우러지는 맛이 좋다. 자장면에는 고량주, 삼겹살에는 소주 이런 센스를 아는 사람이면 좋겠다”라며 웃었다.(사진=bnt)",2019.01,01
433,433,2019.01.29.,bnt뉴스,"[bnt화보] 안지현 “인교진, 매너가 몸에 베어있는 사람”","자장면에는 고량주, 삼겹살에는 소주 이런 센스를 아는 사람이면 좋겠다”라며 웃었다. 이어 안지현에게 몸매 관리 비결을 묻자 “몸매 관리는 식이가 9할인 것 같다. 양을 줄이고 건강한 음식 위주로 먹는다. 피부는 술 덜...",2019.01,01
434,434,2019.01.29.,스포츠조선,"안지현 ""김현중? 거짓말 못하는 사람, 또 호흡 맞추고 싶어""[화보]","자장면에는 고량주, 삼겹살에는 소주 이런 센스를 아는 사람이면 좋겠다""라며 웃었다. 이어 안지현에게 몸매 관리 비결을 묻자 ""몸매 관리는 식이가 9할인 것 같다. 양을 줄이고 건강한 음식 위주로 먹는다. 피부는 술 덜...",2019.01,01
435,435,2019.01.29.,bnt뉴스,"[bnt화보] 안지현 “인교진, 매너가 몸에 베어있는 사람”","자장면에는 고량주, 삼겹살에는 소주 이런 센스를 아는 사람이면 좋겠다”라며 웃었다. 이어 안지현에게 몸매 관리 비결을 묻자 “몸매 관리는 식이가 9할인 것 같다. 양을 줄이고 건강한 음식 위주로 먹는다. 피부는 술 덜...",2019.01,01
436,436,2019.01.29.,bnt뉴스,"[bnt화보] 안지현 “강하늘과 로맨스 찍어보고 싶어, 영화 ‘동주’ 관람 후 ...","자장면에는 고량주, 삼겹살에는 소주 이런 센스를 아는 사람이면 좋겠다”라며 웃었다. 이어 안지현에게 몸매 관리 비결을 묻자 “몸매 관리는 식이가 9할인 것 같다. 양을 줄이고 건강한 음식 위주로 먹는다. 피부는 술 덜...",2019.01,01
437,437,2019.01.29.,bnt뉴스,[bnt화보] 안지현 “서현 통해 아이돌 출신 배우 편견 없어져”,"자장면에는 고량주, 삼겹살에는 소주 이런 센스를 아는 사람이면 좋겠다”라며 웃었다. 이어 안지현에게 몸매 관리 비결을 묻자 “몸매 관리는 식이가 9할인 것 같다. 양을 줄이고 건강한 음식 위주로 먹는다. 피부는 술 덜...",2019.01,01
438,438,2019.01.29.,bnt뉴스,"[bnt화보] 안지현 “사극과 일반극 차이? 톤이 가장 달라, 5:5 가르마 헤어스...","자장면에는 고량주, 삼겹살에는 소주 이런 센스를 아는 사람이면 좋겠다”라며 웃었다. 이어 안지현에게 몸매 관리 비결을 묻자 “몸매 관리는 식이가 9할인 것 같다. 양을 줄이고 건강한 음식 위주로 먹는다. 피부는 술 덜...",2019.01,01
439,439,2019.01.29.,bnt뉴스,"[bnt화보] 안지현 “이상형 성시경, 지적인 외모와 목소리 좋아”","자장면에는 고량주, 삼겹살에는 소주 이런 센스를 아는 사람이면 좋겠다”라며 웃었다. 이어 안지현에게 몸매 관리 비결을 묻자 “몸매 관리는 식이가 9할인 것 같다. 양을 줄이고 건강한 음식 위주로 먹는다. 피부는 술 덜...",2019.01,01
440,440,2019.01.29.,bnt뉴스,"[bnt화보] ‘시간이 멈추는 그때’ 안지현 “김현중 보며 자란 세대, 사실 허...","자장면에는 고량주, 삼겹살에는 소주 이런 센스를 아는 사람이면 좋겠다”라며 웃었다. 이어 안지현에게 몸매 관리 비결을 묻자 “몸매 관리는 식이가 9할인 것 같다. 양을 줄이고 건강한 음식 위주로 먹는다. 피부는 술 덜...",2019.01,01
441,441,2019.01.29.,bnt뉴스,"[bnt화보] 안지현 “범죄자-미혼모 캐릭터 욕심나, 많은 공부와 해석 필요한 ...","자장면에는 고량주, 삼겹살에는 소주 이런 센스를 아는 사람이면 좋겠다”라며 웃었다. 이어 안지현에게 몸매 관리 비결을 묻자 “몸매 관리는 식이가 9할인 것 같다. 양을 줄이고 건강한 음식 위주로 먹는다. 피부는 술 덜...",2019.01,01
442,442,2019.01.29.,bnt뉴스,"[bnt화보] 안지현 “건강 악화로 휴식기 가져, 이응복 감독이 그만 쉬라며 ‘...","자장면에는 고량주, 삼겹살에는 소주 이런 센스를 아는 사람이면 좋겠다”라며 웃었다. 이어 안지현에게 몸매 관리 비결을 묻자 “몸매 관리는 식이가 9할인 것 같다. 양을 줄이고 건강한 음식 위주로 먹는다. 피부는 술 덜...",2019.01,01
443,443,2019.01.29.,bnt뉴스,"[bnt화보] 안지현 “김현중과 첫 주연, 당시 믿기지 않았다”","자장면에는 고량주, 삼겹살에는 소주 이런 센스를 아는 사람이면 좋겠다”라며 웃었다. 이어 안지현에게 몸매 관리 비결을 묻자 “몸매 관리는 식이가 9할인 것 같다. 양을 줄이고 건강한 음식 위주로 먹는다. 피부는 술 덜...",2019.01,01
444,444,2019.01.29.,bnt뉴스,"[bnt화보] 안지현 “건강 악화로 휴식기 가져, 이응복 감독이 그만 쉬라며 ‘...","자장면에는 고량주, 삼겹살에는 소주 이런 센스를 아는 사람이면 좋겠다”라며 웃었다. 이어 안지현에게 몸매 관리 비결을 묻자 “몸매 관리는 식이가 9할인 것 같다. 양을 줄이고 건강한 음식 위주로 먹는다. 피부는 술 덜...",2019.01,01
445,445,2019.01.29.,OSEN,"안지현 ""김현중과 첫 주연, 믿기지 않았다..또 호흡 맞춰보고파"" [화보]","자장면에는 고량주, 삼겹살에는 소주 이런 센스를 아는 사람이면 좋겠다”라며 웃었다. 이어 안지현에게 몸매 관리 비결을 묻자 “몸매 관리는 식이가 9할인 것 같다. 양을 줄이고 건강한 음식 위주로 먹는다. 피부는 술...",2019.01,01
446,446,2019.01.29.,헤럴드POP,"안지현 ""김현중, 거짓말 못하는 사람…또 호흡 맞추고파""[화보]","자장면에는 고량주, 삼겹살에는 소주 이런 센스를 아는 사람이면 좋겠다”라며 웃었다. 이어 안지현에게 몸매 관리 비결을 묻자 “몸매 관리는 식이가 9할인 것 같다. 양을 줄이고 건강한 음식 위주로 먹는다. 피부는 술...",2019.01,01
447,447,2019.01.29.,bnt뉴스,"[인터뷰] 안지현 “함께했던 감독님들이 다시 찾아줄 때 감사해, 성장하는 모...","자장면에는 고량주, 삼겹살에는 소주 이런 센스를 아는 사람이면 좋겠다” Q. 몸매, 피부 관리 방법이 궁금하다 “여러 가지 운동을 다 했다. EMS도 하고, 필라테스도 했다. 유연하기는 한데 근력이 너무 없고 발란스가 좋지...",2019.01,01
448,448,2019.01.18.,뉴스핌,[뉴스핌 뉴스레터] 차이나 뉴스브리프 18일,"부흥의 길 일대일로 도전 거세질 듯 <홍인표 칼럼>▲ 중국, 미국의 화웨이 ZTE 제재 전형적 매카시즘 맹비난 <中 환구시보>▲ 중국인들이 설에 마시는 술. 백주 최대 성수기 술맛 좋고 가성비 좋은 고량주는 등이 담겼습니다.",2019.01,01
449,449,2019.01.17.,뉴스핌,중국인들이 설에 마시는 술. 백주 최대 성수기 술맛 좋고 가성비 좋은 고량주...,"이동현기자=백주(白酒,고량주) 업계의 최대 성수기인 춘제(春節,음력 설) 명절. 중국인들에게... 중국 애주가들 사이에서 저렴하면서도 훌륭한 술 맛을 지닌 것으로 평가되는 4개 고량주 브랜드를 짚어본다. ◆ 베이징의...",2019.01,01
450,450,2019.01.17.,디스커버리뉴스,"임피리얼 팰리스호텔, 서울 햄퍼 전문가가 엄선한 고품격 출시",중식당 천산에서 독점 수입 판매하는 고량주로 풍미 깊은 중국 명주 ‘임피리얼 팰리스 천산 중국주(5만원)’와 대관령에서 최적의 조건으로 자연 건조되어 맛과 영양이 풍부한 ‘대관령 황태 세트(6만5천원)...,2019.01,01
451,451,2019.01.17.,소믈리에타임즈,"맛있는 녀석들, 200회 특집 '대만 미각 전지훈련' 세 번째 이야기! 30년 전통...","곱창국수와 족발, 고량주, 카레 맛 등의 이색 아이스크림, 먹거리 종류만 600여 가지인 50년 전통 소규모 야시장 '닝샤 야시장'에서 약재갈비탕, 대만식 찹쌀떡, 돼지 간국, 돼지고기 국, 달걀튀김 롤, 석가, 취두부 튀김...",2019.01,01
452,452,2019.01.16.,테니스피플,정현 경기가 두번째로 큰 경기장에 배정된 이유,중국의 1575 국객 명주(고량주) 회사를 스폰서로 영입해 경기장 곳곳에 한자와 1573을도배했다. 경기장하나를 1573코트로 정하기도 했다. 한국의 기아차 호주법인을 통해 대회 총상금 상당수를 다년간 끌어들이는 마케팅도...,2019.01,01
453,453,2019.01.11.,이뉴스투데이,"호텔업계, 새해 첫 설 선물세트 대전 돌입",우선 △중식당 천산에서 독점 수입 판매하는 고량주로 풍미 깊은 중국 명주 임피리얼 팰리스 천산 중국주(5만원) △대관령에서 최적 조건으로 자연 건조돼 맛과 영양이 풍부한 대관령 황태 세트(6만5000원) △유기농 수제...,2019.01,01
454,454,2019.01.11.,인사이트,'백주부' 백종원 더본코리아가 비밀 병기로 키운다는 '테스트 매장' 5곳,홍콩반점에서 맛보던 고량주 '만만춘'을 리춘시장에서도 맛볼 수 있다. 최근에는 만만춘으로 만든하이볼 4종도 출시해 고객들의 관심을 끌었다.4. 가벼운 한 끼를 즐길 수 있는 '원키친(One kitchen)'일본식 카레와 덮밥...,2019.01,01
455,455,2019.01.11.,MK스포츠,"‘컬투쇼’ 김민경, 고맥 비율 공개…“고량주 은은함이 맥주와 섞인 맛”",김민경이 고량주와 맥주를 섞어 마시는 자신만의 황금비율을 소개했다. 11일 오후 방송된 SBS 파워FM ‘두시탈출 컬투쇼’에서는 게스트로 출연한 심형탁과 김민경의 덕질 노하우가 대방출됐다. 이날 김민경은 고량주...,2019.01,01
456,456,2019.01.10.,프라임경제,고량주 인식 바꾼 '강소백'…공감 마케팅·가성비로 젊은층 공략,"고량주에 대한 인식을 바꾸며 젊은 층의 호응을 이끌어내고 있는 것. 일본 역시 오랜 기간 위스키 시장... ""고량주와 위스키는 모두 비싸고 독하다""는 인식을 벗어나기 위해 기발한 마케팅으로 고객의 지갑을 열었다. 반면...",2019.01,01
457,457,2019.01.10.,소믈리에타임즈,"맛있는 녀석들, 대만 미각 전지훈련 두 번째 이야기! 끝나지 않은 야시장 먹방...","지난 방송, 곱창국수와 족발, 고량주, 카레 맛 등의 이색 아이스크림 먹방을 뒤로 찾은 곳은 어디일까? 먹거리 종류만 600여 가지인 50년 전통 소규모 야시장 '닝샤 야시장'이었다. 뚱4는 이곳에서 약재갈비탕과 대만식...",2019.01,01
458,458,2019.01.08.,쿡앤셰프,임피리얼 팰리스 호텔 서울 / <설날 선물 세트> 출시,"중식당 천산에서 독점 수입 판매하는 고량주로 풍미 깊은 중국 명주 ‘임피리얼 팰리스 천산 중국주’와 대관령에서 최적의 조건으로 자연 건조되어 맛과 영양이 풍부한 ‘대관령 황태 세트’, 유기농 수제 고추장...",2019.01,01
459,459,2019.01.07.,스포츠투데이,"'생생정보' 문어짬뽕·갈비짬뽕, 각각의 비결 엄나무·노두장 [텔리뷰]","1차로 삶아낸 초벌 갈비에 생강과 대파, 고량주를 넣는다. 특제 소스에는 간장과 설탕, 후추가 들어간다. 여기에 중국 간장인 노두장을 넣는다. 사장은 ""갈비의 갈색빛을 더 맛있게 색 내기 위해 넣는다""고 전했다. 이 특제...",2019.01,01
460,460,2019.01.07.,단디뉴스,"[황규민의 먹고 싸는 얘기] 마약, 정제 농축 합성이 더 문제다.",맥주는 물이나 음료를 대신하기도 하고 막걸리는 노동후의 피로회복과 에너지를 보충하지만 증류 농축한 독주인 소주 고량주 위스키 등은 중독을 유발할 수 도 있다. 정제 농축 변형 합성 하여 중독 수준까지 가면 뇌...,2019.01,01
461,461,2019.01.07.,아주경제,"""한국인의 말 믿기 어려워"" 중국인이 보는 '한국인'은?","바링허우(八零后·1980년대 출생자), 주링허우(九零后·1990년대 출생자)가 바이주(白酒·고량주) 소비의 중심으로 부상하면서 이전보다 음주량이 점차 늘어났지만 한국인들처럼 '목숨을 걸고' 매일 마시지 않는다는 것이다....",2019.01,01
462,462,2019.01.06.,소믈리에타임즈,"맛있는 녀석들, 200회 특집 '대만 미각 전지훈련' 뚱4가 미각세포 업그레이드...","뚱4는 이곳에서 고량주 아이스크림과 족발 아이스크림, 치킨 아이스크림을 맛봤다. 이밖에도 방송에서는 먹거리 종류만 600여 가지인 50년 전통 소규모 야시장 '닝샤 야시장'에서 약재갈비탕과 대만식 찹쌀떡 먹방이...",2019.01,01
463,463,2019.01.03.,경북매일신문,일출 산행-진도 첨찰산과 동덕산 산행기,"고량주를 종이컵에 거의 한가득 따라준다. 술이 빈속을 따라 또르르 구르듯 위에 가 닿는다. 사람들은 좋고 술은 맛나고 여기 이대로 술에 취하고 싶지만, 바로 저 앞이 정상이라는 말이 뻥인 줄 알면서도 사람들을...",2019.01,01
464,464,2019.01.02.,아주경제,[중국증시] '황제주' 구이저우마오타이 새해 매출 목표액은?,지난해 중국 경기 하방 압력 속 바이주(白酒 고량주) 경기도 한풀 꺾이며 마오타이 매출 성장세도 주춤했다. 지난해 3분기 매출과 순익이 모두 전년 동기 대비 한 자릿수 증가율에 그친 것. 이는 2014년 4분기 이후...,2019.01,01
